Target lang,Transfer lang,Accuracy,Rank,Accuracy level,Entity overlap,Transfer lang dataset size,Target lang dataset size,Transfer over target size ratio,GENETIC,SYNTACTIC,FEATURAL,PHONOLOGICAL,INVENTORY,GEOGRAPHIC
bn,am,28,-0.47589031,0.734235025,0.0002,-0.611235909,0.72985533,-0.94058207,0.276828836,-0.463148952,-0.558445355,0.497082323,0.5472,0.057538739
bn,ar,11,0.893309689,-0.757943343,0,0.632419405,0.72985533,-0.181902616,0.276828836,-0.243541376,-0.131514787,0.61394371,0.5983,1.590962734
bn,az,26,-0.307412221,0.676120577,0.0001,0.632419405,0.72985533,-0.181902616,0.276828836,-0.243541376,-0.131514787,0.61394371,0.5983,1.590962734
bn,ca,26,-0.307412221,0.676120577,0,0.632419405,0.72985533,-0.181902616,-0.259467152,0.025080279,-0.821689469,0.415822694,0.4961,0.503002087
bn,ceb,16,0.812313812,-0.492154851,0,0.632419405,0.72985533,-0.181902616,0.276828836,1.75140242,0.282464791,0.61394371,0.5158,-0.303019818
bn,ckb,25,-0.032739579,0.550624624,0,0.269678823,0.72985533,-0.40318887,-1.342084598,0.626822684,1.740695098,0.61394371,0.5983,-0.198718639
bn,de,26,-0.307412221,0.676120577,0,0.632419405,0.72985533,-0.181902616,-0.590926155,-0.737908685,-0.723927097,0.52038501,0.5404,0.369638183
bn,fa,22,0.369163081,0.251281522,0,0.632419405,0.72985533,-0.181902616,0.276828836,-0.243541376,-0.131514787,0.61394371,0.5983,1.590962734
bn,fr,22,0.369163081,0.251281522,0,0.632419405,0.72985533,-0.181902616,-0.086357782,-0.25436032,-0.877117022,0.52038501,0.4753,0.491371062
bn,ha,21,0.596101316,-0.03596899,0,-1.108887671,0.72985533,-1.244169537,0.276828836,0.569632648,-0.158760911,0.442424439,0.5666,0.594078107
bn,hi,45,-2.4341834,0.988625249,0,0.632419405,0.72985533,-0.181902616,-2.368088113,-1.536577578,-2.340264992,0.464938792,0.3481,-1.629385394
bn,hu,23,0.18658229,0.410332085,0,0.632419405,0.72985533,-0.181902616,0.276828836,-0.713432181,-0.742001621,0.464938792,0.5319,0.281042123
bn,ilo,22,0.369163081,0.251281522,0.0002,-0.175037928,0.72985533,-0.674483865,0.276828836,0.609727202,-0.441013399,0.61394371,0.443,-0.524786644
bn,id,35,-1.233461489,0.893285588,0,0.632419405,0.72985533,-0.181902616,0.276828836,0.462991308,-0.372138424,0.497082323,0.5144,-0.289613462
bn,it,32,-1.064983401,0.868208664,0,0.632419405,0.72985533,-0.181902616,-0.316081083,0.15120293,0.105972664,0.61394371,0.5625,0.383506989
bn,jv,27,-0.388408099,0.705532192,0,0.571061437,0.72985533,-0.219333429,0.276828836,0.902258285,-0.805270023,0.535125337,0.4621,-0.459463121
bn,kk,20,0.629733022,-0.091379441,0,0.632419405,0.72985533,-0.181902616,0.276828836,0.248715858,1.676475386,0.749082798,0.5983,-0.660197772
bn,rw,7,1.039252048,-1.583557809,0,-1.276296374,0.72985533,-1.346295537,0.276828836,0.984904812,0.025788375,0.61394371,0.5182,0.36397811
bn,ky,22,0.369163081,0.251281522,0,0.632419405,0.72985533,-0.181902616,0.276828836,0.044852683,-0.600957589,0.52038501,0.5337,-0.877991795
bn,ku,25,-0.032739579,0.550624624,0,-0.080624024,0.72985533,-0.61688761,0.276828836,-0.103151631,1.452622924,0.61394371,0.5983,-0.20033005
bn,lo,1,1.147552874,-3.717740242,0,-1.670564829,0.72985533,-1.586815055,0.276828836,0.155074455,-0.180144813,0.61394371,0.522,-1.289634542
bn,mr,48,-3.191754579,1.011313742,0.0002,0.632419405,0.72985533,-0.181902616,-2.872656486,-1.890436127,-1.652573652,0.61394371,0.3908,-1.446596085
bn,mt,8,1.016241847,-1.399947409,0,-0.905673975,0.72985533,-1.12020106,0.276828836,1.292406307,0.282464791,0.61394371,0.578,0.384163374
bn,my,2,1.105511376,-2.409172274,0,-0.236001721,0.72985533,-0.711674216,0.276828836,-0.25936077,-1.042928348,0.474804941,0.4589,-2.681598516
bn,ms,41,-1.991032668,0.965496175,0,0.632419405,0.72985533,-0.181902616,0.276828836,-0.243541376,-0.131514787,0.61394371,0.5983,1.590962734
bn,nl,18,0.7248316,-0.274989841,0,0.632419405,0.72985533,-0.181902616,-0.316081083,-0.230254516,-0.346428731,0.61394371,0.5193,0.443669683
bn,ny,4,1.061787778,-1.800722819,0,-2.2845374,0.72985533,-1.961362866,0.276828836,1.069629264,1.932843031,0.61394371,0.5983,0.438353416
bn,om,10,0.94415347,-0.975108354,0,-2.197495376,0.72985533,-1.908263752,0.276828836,-0.243541376,-0.131514787,0.61394371,0.5983,1.590962734
bn,pa,40,-1.676612221,0.941909069,0,0.448880641,0.72985533,-0.293868598,-2.872656486,-1.536577578,-1.790122445,0.61394371,0.3369,-1.423721227
bn,pl,26,-0.307412221,0.676120577,0,0.632419405,0.72985533,-0.181902616,-0.749399781,-0.214517398,-0.54741105,0.415822694,0.5472,0.289957376
bn,pt,22,0.369163081,0.251281522,0,0.632419405,0.72985533,-0.181902616,-0.111625352,0.308523965,-0.177574186,0.61394371,0.4991,0.587464443
bn,ro,31,-0.675157595,0.789645475,0.0001,0.632419405,0.72985533,-0.181902616,-0.385917719,-0.048292196,-0.663493955,0.480780502,0.4997,0.217437677
bn,ru,11,0.893309689,-0.757943343,0,0.632419405,0.72985533,-0.181902616,-0.97889798,-0.419216171,-0.321723336,0.415822694,0.5962,-0.428430645
bn,sn,17,0.75477715,-0.343071793,0,-1.570983707,0.72985533,-1.52606659,0.276828836,1.04856858,0.268307643,0.61394371,0.5667,0.502111438
bn,so,9,0.992736765,-1.240896846,0,-0.990919845,0.72985533,-1.172204448,0.276828836,-0.306249248,-1.24019994,0.394187529,0.4468,0.006296979
bn,es,32,-1.064983401,0.868208664,0,0.632419405,0.72985533,-0.181902616,-0.173465968,0.188259033,-0.027239261,0.539358378,0.5849,0.562328912
bn,sw,20,0.629733022,-0.091379441,0.0002,0.632419405,0.72985533,-0.181902616,0.276828836,-0.243541376,-0.131514787,0.61394371,0.5983,1.590962734
bn,sv,19,0.694042404,-0.210589839,0,0.632419405,0.72985533,-0.181902616,-0.590926155,-0.053914625,-0.424832426,0.61394371,0.4906,0.304434625
bn,ta,25,-0.032739579,0.550624624,0,0.632419405,0.72985533,-0.181902616,0.276828836,-0.955610012,-0.890819923,0.61394371,0.4661,-1.191332499
bn,te,38,-1.432728774,0.917845425,0,0.233081326,0.72985533,-0.425514807,0.276828836,-0.581141241,-2.366092386,0.321745062,0.3198,-1.521273491
bn,tg,24,0.13573851,0.446984512,0,0.632419405,0.72985533,-0.181902616,-0.97889798,0.653075918,1.752017702,0.61394371,0.5983,-0.823079811
bn,tl,30,-0.570988889,0.762262433,0,0.632419405,0.72985533,-0.181902616,0.276828836,0.569632648,-0.552005886,0.464938792,0.461,-0.47224271
bn,th,10,0.94415347,-0.975108354,0.0001,0.632419405,0.72985533,-0.181902616,0.276828836,0.792193086,-0.818788222,0.394187529,0.4147,-1.428260984
bn,ti,2,1.105511376,-2.409172274,0,-3.121373949,0.72985533,-2.471866611,0.276828836,-0.016272375,0.037317799,0.61394371,0.5877,0.04099564
bn,tk,23,0.18658229,0.410332085,0.0001,-1.052059778,0.72985533,-1.209502251,0.276828836,-0.466609349,1.369459832,0.749082798,0.5983,-0.554131664
bn,tr,32,-1.064983401,0.868208664,0,0.632419405,0.72985533,-0.181902616,0.276828836,-0.143020119,-0.384594769,0.464938792,0.5667,0.076834956
bn,uk,22,0.369163081,0.251281522,0,0.632419405,0.72985533,-0.181902616,-0.749399781,-0.483943634,-0.30063854,0.61394371,0.5256,0.214790756
bn,ug,14,0.839984763,-0.574332943,0,-1.04197607,0.72985533,-1.203350786,0.276828836,-0.213690358,1.480891973,0.749082798,0.5983,-0.931580955
bn,uz,23,0.18658229,0.410332085,0,0.632419405,0.72985533,-0.181902616,0.276828836,-0.243541376,-0.131514787,0.61394371,0.5983,1.590962734
bn,vi,14,0.839984763,-0.574332943,0,0.632419405,0.72985533,-0.181902616,0.276828836,0.8737545,-0.262199554,0.52038501,0.5242,-1.233017769
bn,xh,4,1.061787778,-1.800722819,0,-2.349673015,0.72985533,-2.001098194,0.276828836,1.27280571,0.334053241,0.61394371,0.5552,0.643591744
bn,yo,23,0.18658229,0.410332085,0.0002,0.379281215,0.72985533,-0.33632703,0.276828836,0.848522685,-0.573193582,0.464938792,0.4464,0.685025871
bn,zu,17,0.75477715,-0.343071793,0,-1.764244316,0.72985533,-1.643963287,0.276828836,0.424773935,-0.040579468,0.538350663,0.5757,0.557237139
jv,am,66,0.235165586,0.372515896,0.00010819,-0.611235909,0.681733261,-0.903151257,0.276828836,1.146609951,-0.349967491,0.571356675,0.4308,0.503892067
jv,ar,64,0.968715047,-1.100604307,0,0.632419405,0.681733261,-0.144471802,0.276828836,1.112165341,0.403601703,0.658285164,0.611,1.590962734
jv,az,66,0.235165586,0.372515896,0.011468138,0.632419405,0.681733261,-0.144471802,0.276828836,1.112165341,0.403601703,0.658285164,0.611,1.590962734
jv,bn,67,-0.790310758,0.816413116,0,0.632419405,0.681733261,-0.144471802,0.276828836,0.902258285,-0.805270023,0.535125337,0.4621,-0.459463121
jv,ca,66,0.235165586,0.372515896,0.015903927,0.632419405,0.681733261,-0.144471802,0.276828836,0.507491765,-1.423380623,0.535125337,0.3445,0.933628005
jv,ceb,67,-0.790310758,0.816413116,0.003786649,0.632419405,0.681733261,-0.144471802,-2.872656486,0.861493829,-0.592613108,0.658285164,0.4751,-1.264283435
jv,ckb,66,0.235165586,0.372515896,0.00010819,0.269678823,0.681733261,-0.365758057,0.276828836,0.470310856,2.004275448,0.658285164,0.611,0.478110245
jv,de,67,-0.790310758,0.816413116,0.006815969,0.632419405,0.681733261,-0.144471802,0.276828836,0.810803571,-0.496219156,0.583891908,0.453,0.846319636
jv,fa,65,0.783924055,-0.41528238,0,0.632419405,0.681733261,-0.144471802,0.276828836,1.112165341,0.403601703,0.658285164,0.611,1.590962734
jv,fr,67,-0.790310758,0.816413116,0.007140539,0.632419405,0.681733261,-0.144471802,0.276828836,0.82866624,-0.500769814,0.583891908,0.4554,0.929287921
jv,ha,65,0.783924055,-0.41528238,0.016444877,-1.108887671,0.681733261,-1.206738724,0.276828836,0.77213459,-0.090063678,0.583891908,0.5347,0.918263112
jv,hi,68,-1.676612221,0.941909069,0,0.632419405,0.681733261,-0.144471802,0.276828836,1.435101285,-0.680421257,0.555620525,0.4314,-0.14417033
jv,hu,66,0.235165586,0.372515896,0.014930217,0.632419405,0.681733261,-0.144471802,0.276828836,0.569632648,-0.493490634,0.555620525,0.437,0.786657142
jv,ilo,67,-0.790310758,0.816413116,0.050741101,-0.175037928,0.681733261,-0.637053052,-4.879541746,1.175689209,-0.677596284,0.658285164,0.4208,-1.053243379
jv,id,82,-3.191754579,1.011313742,0.05853078,0.632419405,0.681733261,-0.144471802,-2.00462013,0.283618832,-1.035873031,0.571356675,0.3606,-2.27819243
jv,it,68,-1.676612221,0.941909069,0.009520718,0.632419405,0.681733261,-0.144471802,0.276828836,0.730403662,-0.237882712,0.658285164,0.4456,0.851637541
jv,kk,65,0.783924055,-0.41528238,0.00097371,0.632419405,0.681733261,-0.144471802,0.276828836,0.035370682,1.967822313,0.749082798,0.611,0.265186376
jv,rw,64,0.968715047,-1.100604307,0.012117278,-1.276296374,0.681733261,-1.308864724,0.276828836,0.035370682,-0.5510866,0.658285164,0.5009,0.648850995
jv,ky,66,0.235165586,0.372515896,0.00097371,0.632419405,0.681733261,-0.144471802,0.276828836,1.149848481,-0.407805924,0.583891908,0.5172,0.165316476
jv,ku,66,0.235165586,0.372515896,0.054203181,-0.080624024,0.681733261,-0.579456797,0.276828836,1.506013062,2.241816983,0.658285164,0.611,0.478413282
jv,lo,63,1.105511376,-2.409172274,0.00043276,-1.670564829,0.681733261,-1.549384242,0.276828836,0.43140726,-0.726776875,0.658285164,0.4208,-1.151064936
jv,mr,67,-0.790310758,0.816413116,0,0.632419405,0.681733261,-0.144471802,0.276828836,1.292406307,-0.63913844,0.658285164,0.409,-0.238010963
jv,mt,65,0.783924055,-0.41528238,0.020231527,-0.905673975,0.681733261,-1.082770246,0.276828836,1.985327829,-0.747722192,0.658285164,0.46,0.84097774
jv,my,63,1.105511376,-2.409172274,0.0010819,-0.236001721,0.681733261,-0.674243402,0.276828836,1.078818349,-0.614894313,0.594191865,0.4176,-0.654662651
jv,ms,72,-2.4341834,0.988625249,0.033647084,0.632419405,0.681733261,-0.144471802,0.276828836,1.112165341,0.403601703,0.658285164,0.611,1.590962734
jv,nl,69,-1.991032668,0.965496175,0.010602618,0.632419405,0.681733261,-0.144471802,0.276828836,0.631799006,-0.552005886,0.658285164,0.4485,0.896752267
jv,ny,64,0.968715047,-1.100604307,0.008763389,-2.2845374,0.681733261,-1.923932052,0.276828836,0.573942315,2.025801484,0.658285164,0.611,0.605563871
jv,om,65,0.783924055,-0.41528238,0.00140647,-2.197495376,0.681733261,-1.870832938,0.276828836,1.112165341,0.403601703,0.658285164,0.611,1.590962734
jv,pa,67,-0.790310758,0.816413116,0.00010819,0.448880641,0.681733261,-0.256437785,0.276828836,1.435101285,-0.541902498,0.658285164,0.3915,-0.04019916
jv,pl,67,-0.790310758,0.816413116,0.012982798,0.632419405,0.681733261,-0.144471802,0.276828836,0.752003649,-0.30063854,0.535125337,0.4931,0.794339446
jv,pt,67,-0.790310758,0.816413116,0.013199178,0.632419405,0.681733261,-0.144471802,0.276828836,0.708018752,-0.53181833,0.658285164,0.4213,0.994344705
jv,ro,68,-1.676612221,0.941909069,0.031266905,0.632419405,0.681733261,-0.144471802,0.276828836,0.730403662,-0.52449642,0.506691321,0.4611,0.74506316
jv,ru,64,0.968715047,-1.100604307,0.00075733,0.632419405,0.681733261,-0.144471802,0.276828836,0.845788067,0.038962815,0.535125337,0.5242,0.349201626
jv,sn,66,0.235165586,0.372515896,0.018284107,-1.570983707,0.681733261,-1.488635777,0.276828836,0.176705443,-0.543738046,0.658285164,0.501,0.650686228
jv,so,65,0.783924055,-0.41528238,0.025641026,-0.990919845,0.681733261,-1.134773634,0.276828836,1.391249069,-0.541902498,0.571356675,0.4438,0.400779422
jv,es,68,-1.676612221,0.941909069,0.011035378,0.632419405,0.681733261,-0.144471802,0.276828836,0.861493829,0.096219097,0.555620525,0.5324,0.974582592
jv,sw,67,-0.790310758,0.816413116,0.100075733,0.632419405,0.681733261,-0.144471802,0.276828836,1.112165341,0.403601703,0.658285164,0.611,1.590962734
jv,sv,67,-0.790310758,0.816413116,0.012982798,0.632419405,0.681733261,-0.144471802,0.276828836,0.604017037,-0.230090214,0.658285164,0.5072,0.799433432
jv,ta,66,0.235165586,0.372515896,0.00010819,0.632419405,0.681733261,-0.144471802,0.276828836,1.321364629,-0.407805924,0.658285164,0.4456,-0.391223433
jv,te,68,-1.676612221,0.941909069,0.00010819,0.233081326,0.681733261,-0.388083993,0.276828836,1.220624204,-1.135512348,0.506691321,0.4304,-0.314210276
jv,tg,66,0.235165586,0.372515896,0.00064914,0.632419405,0.681733261,-0.144471802,0.276828836,1.198843877,2.166382983,0.658285164,0.611,0.193014132
jv,tl,67,-0.790310758,0.816413116,0.043925133,0.632419405,0.681733261,-0.144471802,-2.368088113,1.419082736,-0.232686441,0.555620525,0.4611,-1.12496107
jv,th,64,0.968715047,-1.100604307,0.00021638,0.632419405,0.681733261,-0.144471802,0.276828836,0.248715858,-0.836219571,0.571356675,0.4335,-1.142696574
jv,ti,64,0.968715047,-1.100604307,0,-3.121373949,0.681733261,-2.434435798,0.276828836,1.220624204,-0.117097042,0.658285164,0.5235,0.518627428
jv,tk,66,0.235165586,0.372515896,0.011468138,-1.052059778,0.681733261,-1.172071437,0.276828836,0.971549504,2.123266701,0.749082798,0.611,0.305136325
jv,tr,67,-0.790310758,0.816413116,0.027696635,0.632419405,0.681733261,-0.144471802,0.276828836,0.549476694,-0.384594769,0.555620525,0.4831,0.648326119
jv,uk,66,0.235165586,0.372515896,0.00140647,0.632419405,0.681733261,-0.144471802,0.276828836,0.730403662,-0.237882712,0.658285164,0.4456,0.744821232
jv,ug,66,0.235165586,0.372515896,0.00151466,-1.04197607,0.681733261,-1.165919972,0.276828836,1.240408834,2.188906832,0.749082798,0.611,0.126397345
jv,uz,67,-0.790310758,0.816413116,0.012874608,0.632419405,0.681733261,-0.144471802,0.276828836,1.112165341,0.403601703,0.658285164,0.611,1.590962734
jv,vi,66,0.235165586,0.372515896,0.021637996,0.632419405,0.681733261,-0.144471802,0.276828836,0.084188309,-0.567658187,0.583891908,0.5072,-1.047733279
jv,xh,63,1.105511376,-2.409172274,0.003678459,-2.349673015,0.681733261,-1.963667381,0.276828836,0.237287035,-0.813956335,0.658285164,0.4456,0.681968107
jv,yo,66,0.235165586,0.372515896,0.079519636,0.379281215,0.681733261,-0.298896217,0.276828836,0.507491765,-0.672891338,0.555620525,0.4477,0.976772639
jv,zu,65,0.783924055,-0.41528238,0.008979768,-1.764244316,0.681733261,-1.606532474,0.276828836,0.792193086,-0.101029361,0.594191865,0.5049,0.635128052
lo,am,5,-0.47589031,0.734235025,0,-0.611235909,-1.076338242,0.46433037,0.276828836,0.435825095,-0.139163616,0.591554152,0.445,0.348525567
lo,ar,5,-0.47589031,0.734235025,0,0.632419405,-1.076338242,1.223009824,0.276828836,-0.18070899,0.382832805,-1.628125965,0.6643,1.590962734
lo,az,4,0.596101316,-0.03596899,0.005758157,0.632419405,-1.076338242,1.223009824,0.276828836,-0.18070899,0.382832805,-1.628125965,0.6643,1.590962734
lo,bn,7,-2.4341834,0.988625249,0,0.632419405,-1.076338242,1.223009824,0.276828836,0.155074455,-0.180144813,0.61394371,0.522,-1.289634542
lo,ca,4,0.596101316,-0.03596899,0.001919386,0.632419405,-1.076338242,1.223009824,0.276828836,-1.149786342,-1.101750764,0.61394371,0.4237,0.734859369
lo,ceb,6,-1.432728774,0.917845425,0.005758157,0.632419405,-1.076338242,1.223009824,0.276828836,0.643865893,-0.867350876,-1.628125965,0.4008,-0.963913839
lo,ckb,5,-0.47589031,0.734235025,0,0.269678823,-1.076338242,1.001723569,0.276828836,0.591863477,1.616966846,-1.628125965,0.6643,0.198016102
lo,de,5,-0.47589031,0.734235025,0,0.632419405,-1.076338242,1.223009824,0.276828836,-0.362871211,-0.371249804,0.579980434,0.4988,0.621244206
lo,fa,4,0.596101316,-0.03596899,0,0.632419405,-1.076338242,1.223009824,0.276828836,-0.18070899,0.382832805,-1.628125965,0.6643,1.590962734
lo,fr,3,1.016241847,-1.399947409,0,0.632419405,-1.076338242,1.223009824,0.276828836,-0.116138583,-0.291877899,0.579980434,0.4973,0.719386899
lo,ha,5,-0.47589031,0.734235025,0.009596929,-1.108887671,-1.076338242,0.160742902,0.276828836,-1.221656975,-0.505324383,0.579980434,0.5336,0.801049661
lo,hi,7,-2.4341834,0.988625249,0,0.632419405,-1.076338242,1.223009824,0.276828836,-0.153645514,-0.224901572,0.602855577,0.5399,-0.644451285
lo,hu,5,-0.47589031,0.734235025,0,0.632419405,-1.076338242,1.223009824,0.276828836,-0.367119885,-0.366808937,0.602855577,0.4928,0.552692664
lo,ilo,5,-0.47589031,0.734235025,0.001919386,-0.175037928,-1.076338242,0.730428574,0.276828836,0.062981555,-1.348064893,-1.628125965,0.3532,-1.290983965
lo,id,6,-1.432728774,0.917845425,0,0.632419405,-1.076338242,1.223009824,0.276828836,-2.329602686,-1.512990488,0.591554152,0.3987,-0.796994873
lo,it,6,-1.432728774,0.917845425,0,0.632419405,-1.076338242,1.223009824,0.276828836,-1.70799543,-1.561705689,-1.628125965,0.441,0.63777946
lo,jv,4,0.596101316,-0.03596899,0.007677543,0.571061437,-1.076338242,1.185579011,0.276828836,0.43140726,-0.726776875,0.658285164,0.4208,-1.151064936
lo,kk,3,1.016241847,-1.399947409,0,0.632419405,-1.076338242,1.223009824,0.276828836,0.201324216,1.538221523,0.713086254,0.6643,-0.130410246
lo,rw,3,1.016241847,-1.399947409,0.003838772,-1.276296374,-1.076338242,0.058616902,0.276828836,0.471773613,-0.514445277,-1.628125965,0.4772,0.569645256
lo,ky,4,0.596101316,-0.03596899,0.001919386,0.632419405,-1.076338242,1.223009824,0.276828836,0.52562751,0.429639912,0.579980434,0.6088,-0.286719014
lo,ku,5,-0.47589031,0.734235025,0.011516315,-0.080624024,-1.076338242,0.78802483,0.276828836,-0.541532298,1.101758677,-1.628125965,0.6643,0.196863675
lo,mr,6,-1.432728774,0.917845425,0,0.632419405,-1.076338242,1.223009824,0.276828836,0.591863477,-0.281384206,-1.628125965,0.4997,-0.667352587
lo,mt,4,0.596101316,-0.03596899,0.003838772,-0.905673975,-1.076338242,0.28471138,0.276828836,1.985327829,-0.139163616,-1.628125965,0.4617,0.641745474
lo,my,3,1.016241847,-1.399947409,0.005758157,-0.236001721,-1.076338242,0.693238224,0.276828836,0.827294219,-0.043084499,0.568066156,0.4425,-1.707364926
lo,ms,6,-1.432728774,0.917845425,0,0.632419405,-1.076338242,1.223009824,0.276828836,-0.18070899,0.382832805,-1.628125965,0.6643,1.590962734
lo,nl,4,0.596101316,-0.03596899,0.003838772,0.632419405,-1.076338242,1.223009824,0.276828836,-0.811069178,-1.075301348,-1.628125965,0.4711,0.676085231
lo,ny,5,-0.47589031,0.734235025,0.011516315,-2.2845374,-1.076338242,-0.556450426,0.276828836,-0.96695817,0.932870674,-1.628125965,0.6643,0.589948898
lo,om,4,0.596101316,-0.03596899,0.001919386,-2.197495376,-1.076338242,-0.503351312,0.276828836,-0.18070899,0.382832805,-1.628125965,0.6643,1.590962734
lo,pa,5,-0.47589031,0.734235025,0.001919386,0.448880641,-1.076338242,1.111043841,0.276828836,0.044852683,-0.414072485,-1.628125965,0.5167,-0.534725345
lo,pl,4,0.596101316,-0.03596899,0,0.632419405,-1.076338242,1.223009824,0.276828836,-1.960138078,-1.003739196,0.61394371,0.4918,0.553546083
lo,pt,5,-0.47589031,0.734235025,0.001919386,0.632419405,-1.076338242,1.223009824,0.276828836,-1.467802522,-1.462535139,-1.628125965,0.4493,0.802894082
lo,ro,4,0.596101316,-0.03596899,0.001919386,0.632419405,-1.076338242,1.223009824,0.276828836,-1.083661913,-0.806234466,0.624956681,0.4772,0.503298821
lo,ru,3,1.016241847,-1.399947409,0,0.632419405,-1.076338242,1.223009824,0.276828836,-0.717956765,-0.199894481,0.61394371,0.5567,-0.041138564
lo,sn,5,-0.47589031,0.734235025,0.013435701,-1.570983707,-1.076338242,-0.121154151,0.276828836,-0.533644174,-0.740096134,-1.628125965,0.5124,0.643591744
lo,so,5,-0.47589031,0.734235025,0.011516315,-0.990919845,-1.076338242,0.232707992,0.276828836,-0.616587052,-0.237882712,0.591554152,0.5582,0.276379527
lo,es,4,0.596101316,-0.03596899,0,0.632419405,-1.076338242,1.223009824,0.276828836,-0.447603694,-0.134063171,0.602855577,0.5421,0.783851173
lo,sw,4,0.596101316,-0.03596899,0.005758157,0.632419405,-1.076338242,1.223009824,0.276828836,-0.18070899,0.382832805,-1.628125965,0.6643,1.590962734
lo,sv,6,-1.432728774,0.917845425,0,0.632419405,-1.076338242,1.223009824,0.276828836,-0.350992125,-0.600957589,-1.628125965,0.5184,0.550413869
lo,ta,5,-0.47589031,0.734235025,0,0.632419405,-1.076338242,1.223009824,0.276828836,1.202052209,0.09703258,-1.628125965,0.5124,-0.717020382
lo,te,5,-0.47589031,0.734235025,0,0.233081326,-1.076338242,0.979397633,0.276828836,1.080785469,0.144808459,0.624956681,0.5309,-0.755043859
lo,tg,5,-0.47589031,0.734235025,0,0.632419405,-1.076338242,1.223009824,0.276828836,-0.762493148,1.012172596,-1.628125965,0.6643,-0.22531696
lo,tl,6,-1.432728774,0.917845425,0.007677543,0.632419405,-1.076338242,1.223009824,0.276828836,-0.455370903,-0.687018722,0.602855577,0.4297,-1.224051984
lo,th,28,-3.191754579,1.011313742,0,0.632419405,-1.076338242,1.223009824,-13.21774431,-2.477822393,-1.670708585,0.591554152,0.3924,-2.855424369
lo,ti,2,1.147552874,-3.717740242,0.001919386,-3.121373949,-1.076338242,-1.066954172,0.276828836,0.875795326,-0.188722586,-1.628125965,0.4997,0.346156314
lo,tk,5,-0.47589031,0.734235025,0.001919386,-1.052059778,-1.076338242,0.195410189,0.276828836,0.77905947,1.738308307,0.713086254,0.6643,-0.046790691
lo,tr,5,-0.47589031,0.734235025,0.001919386,0.632419405,-1.076338242,1.223009824,0.276828836,0.814930809,0.281679274,0.602855577,0.5319,0.400455848
lo,uk,5,-0.47589031,0.734235025,0,0.632419405,-1.076338242,1.223009824,0.276828836,-1.083661913,-1.12833281,-1.628125965,0.466,0.499435463
lo,ug,4,0.596101316,-0.03596899,0,-1.04197607,-1.076338242,0.201561654,0.276828836,1.104989708,1.912668247,0.682477255,0.6643,-0.358216683
lo,uz,3,1.016241847,-1.399947409,0,0.632419405,-1.076338242,1.223009824,0.276828836,-0.18070899,0.382832805,-1.628125965,0.6643,1.590962734
lo,vi,7,-2.4341834,0.988625249,0,0.632419405,-1.076338242,1.223009824,0.276828836,-2.182867256,-1.189152665,0.579980434,0.4574,-3.213063059
lo,xh,4,0.596101316,-0.03596899,0.007677543,-2.349673015,-1.076338242,-0.596185755,0.276828836,-0.143836739,-1.322486738,-1.628125965,0.3824,0.732172354
lo,yo,5,-0.47589031,0.734235025,0.011516315,0.379281215,-1.076338242,1.068585409,0.276828836,-2.348977322,-1.561705689,0.602855577,0.3914,0.875710264
lo,zu,4,0.596101316,-0.03596899,0,-1.764244316,-1.076338242,-0.239050847,0.276828836,-0.408072783,-0.34024158,0.568066156,0.4837,0.665784006
mr,am,24,-1.233461489,0.893285588,0.0005,-0.611235909,0.72985533,-0.94058207,0.276828836,-0.922642578,-0.676654961,0.591554152,0.466,-0.303019818
mr,ar,11,0.812313812,-0.492154851,0,0.632419405,0.72985533,-0.181902616,0.276828836,-0.243541376,0.196949161,-1.628125965,0.6284,1.590962734
mr,az,14,0.561401761,0.016977944,0.0001,0.632419405,0.72985533,-0.181902616,0.276828836,-0.243541376,0.196949161,-1.628125965,0.6284,1.590962734
mr,bn,37,-1.991032668,0.965496175,0.0002,0.632419405,0.72985533,-0.181902616,-2.368088113,-1.890436127,-1.652573652,0.61394371,0.3908,-1.446596085
mr,ca,16,0.281680869,0.333459614,0,0.632419405,0.72985533,-0.181902616,-0.259467152,0.658736071,-0.245686682,0.61394371,0.4488,0.399808435
mr,ceb,9,0.94415347,-0.975108354,0,0.632419405,0.72985533,-0.181902616,0.276828836,1.75140242,0.199343318,-1.628125965,0.5195,0.00810135
mr,ckb,21,-0.307412221,0.676120577,0,0.269678823,0.72985533,-0.40318887,-1.342084598,0.626822684,1.669224417,-1.628125965,0.6284,-0.434965531
mr,de,22,-0.675157595,0.789645475,0,0.632419405,0.72985533,-0.181902616,-0.590926155,-0.509174492,-0.191298627,0.579980434,0.5522,0.283902313
mr,fa,15,0.410411152,0.207963661,0,0.632419405,0.72985533,-0.181902616,0.276828836,-0.243541376,0.196949161,-1.628125965,0.6284,1.590962734
mr,fr,11,0.812313812,-0.492154851,0,0.632419405,0.72985533,-0.181902616,-0.086357782,-0.057934121,-0.194735296,0.579980434,0.5174,0.4136504
mr,ha,17,0.18658229,0.410332085,0,-1.108887671,0.72985533,-1.244169537,0.276828836,0.734590842,0.365849629,0.579980434,0.5648,0.398188352
mr,hi,56,-3.191754579,1.011313742,0.054,0.632419405,0.72985533,-0.181902616,-2.368088113,-1.536577578,-1.533971702,0.602855577,0.398,-2.24147264
mr,hu,21,-0.307412221,0.676120577,0,0.632419405,0.72985533,-0.181902616,0.276828836,-0.499590717,-0.437413356,0.602855577,0.4901,0.179051226
mr,ilo,15,0.410411152,0.207963661,0.0004,-0.175037928,0.72985533,-0.674483865,0.276828836,1.04856858,-0.342892332,-1.628125965,0.4571,-0.122330942
mr,id,27,-1.432728774,0.917845425,0,0.632419405,0.72985533,-0.181902616,0.276828836,0.814243148,0.075024602,0.591554152,0.47,-0.152916844
mr,it,23,-0.919041042,0.84259241,0,0.632419405,0.72985533,-0.181902616,-0.316081083,0.339312488,-0.150231444,-1.628125965,0.5248,0.27061563
mr,jv,21,-0.307412221,0.676120577,0,0.571061437,0.72985533,-0.219333429,0.276828836,1.292406307,-0.63913844,0.658285164,0.409,-0.238010963
mr,kk,11,0.812313812,-0.492154851,0,0.632419405,0.72985533,-0.181902616,0.276828836,0.248715858,1.59677696,0.713086254,0.6284,-0.714528375
mr,rw,7,0.992736765,-1.240896846,0,-1.276296374,0.72985533,-1.346295537,0.276828836,1.203335024,0.154473115,-1.628125965,0.553,0.079384189
mr,ky,22,-0.675157595,0.789645475,0,0.632419405,0.72985533,-0.181902616,0.276828836,-1.297479061,-0.116250159,0.579980434,0.5986,-0.786366964
mr,ku,24,-1.233461489,0.893285588,0,-0.080624024,0.72985533,-0.61688761,0.276828836,0.527799839,1.623069843,-1.628125965,0.6284,-0.432347247
mr,lo,1,1.147552874,-3.717740242,0,-1.670564829,0.72985533,-1.586815055,0.276828836,0.591863477,-0.281384206,-1.628125965,0.4997,-0.667352587
mr,mt,6,1.016241847,-1.399947409,0,-0.905673975,0.72985533,-1.12020106,0.276828836,1.292406307,-0.027239261,-1.628125965,0.5422,0.236174117
mr,my,3,1.061787778,-1.800722819,0,-0.236001721,0.72985533,-0.711674216,0.276828836,-0.983074381,-0.83040275,0.568066156,0.4475,-1.234304155
mr,ms,20,-0.095210535,0.583259814,0,0.632419405,0.72985533,-0.181902616,0.276828836,-0.243541376,0.196949161,-1.628125965,0.6284,1.590962734
mr,nl,14,0.561401761,0.016977944,0,0.632419405,0.72985533,-0.181902616,-0.316081083,-0.007499076,-0.237882712,-1.628125965,0.5625,0.379890354
mr,ny,4,1.039252048,-1.583557809,0,-2.2845374,0.72985533,-1.961362866,0.276828836,1.394968265,2.051180308,-1.628125965,0.6284,0.17043657
mr,om,11,0.812313812,-0.492154851,0,-2.197495376,0.72985533,-1.908263752,0.276828836,-0.243541376,0.196949161,-1.628125965,0.6284,1.590962734
mr,pa,36,-1.676612221,0.941909069,0,0.448880641,0.72985533,-0.293868598,-2.872656486,-1.536577578,-2.174137497,-1.628125965,0.3531,-1.602734944
mr,pl,15,0.410411152,0.207963661,0,0.632419405,0.72985533,-0.181902616,-0.749399781,-0.214517398,-0.107788765,0.61394371,0.5464,0.217059907
mr,pt,13,0.662360644,-0.149493888,0,0.632419405,0.72985533,-0.181902616,-0.111625352,0.492212004,-0.403334341,-1.628125965,0.4726,0.496455048
mr,ro,17,0.18658229,0.410332085,0.0002,0.632419405,0.72985533,-0.181902616,-0.385917719,0.339312488,-0.214539499,0.624956681,0.4744,0.108312576
mr,ru,3,1.061787778,-1.800722819,0,0.632419405,0.72985533,-0.181902616,-0.97889798,-0.215344561,0.191358586,0.61394371,0.6018,-0.310075162
mr,sn,13,0.662360644,-0.149493888,0,-1.570983707,0.72985533,-1.52606659,0.276828836,1.446164143,0.298933819,-1.628125965,0.5638,0.250218132
mr,so,9,0.94415347,-0.975108354,0,-0.990919845,0.72985533,-1.172204448,0.276828836,-0.089386069,-0.566736183,0.591554152,0.4513,-0.400098023
mr,es,20,-0.095210535,0.583259814,0,0.632419405,0.72985533,-0.181902616,-0.173465968,0.520555446,0.316132385,0.602855577,0.5499,0.461322618
mr,sw,18,0.082413584,0.482542672,0.0005,0.632419405,0.72985533,-0.181902616,0.276828836,-0.243541376,0.196949161,-1.628125965,0.6284,1.590962734
mr,sv,16,0.281680869,0.333459614,0,0.632419405,0.72985533,-0.181902616,-0.590926155,0.366206799,-0.22058158,-1.628125965,0.5352,0.276020105
mr,ta,22,-0.675157595,0.789645475,0,0.632419405,0.72985533,-0.181902616,0.276828836,-2.015848468,-2.33125505,-1.628125965,0.3687,-2.140451263
mr,te,38,-2.4341834,0.988625249,0,0.233081326,0.72985533,-0.425514807,0.276828836,-1.660622392,-1.882663502,0.624956681,0.3556,-3.498005395
mr,tg,15,0.410411152,0.207963661,0,0.632419405,0.72985533,-0.181902616,-0.97889798,0.177476428,1.464577137,-1.628125965,0.6284,-0.895264492
mr,tl,16,0.281680869,0.333459614,0.0001,0.632419405,0.72985533,-0.181902616,0.276828836,0.89277321,0.033203026,0.602855577,0.4531,-0.093006052
mr,th,11,0.812313812,-0.492154851,0.0003,0.632419405,0.72985533,-0.181902616,0.276828836,1.27723768,-0.127270202,0.591554152,0.3767,-0.82763587
mr,ti,2,1.12673426,-2.892125777,0,-3.121373949,0.72985533,-2.471866611,0.276828836,0.470310856,-0.230955482,-1.628125965,0.5354,-0.308307381
mr,tk,19,0.026352876,0.517070014,0.0001,-1.052059778,0.72985533,-1.209502251,0.276828836,-0.87308874,1.103777232,0.713086254,0.6284,-0.767994608
mr,tr,22,-0.675157595,0.789645475,0,0.632419405,0.72985533,-0.181902616,0.276828836,-0.542409446,-0.172436668,0.602855577,0.5638,-0.088595923
mr,uk,23,-0.919041042,0.84259241,0,0.632419405,0.72985533,-0.181902616,-0.749399781,-0.72429736,-0.644749019,-1.628125965,0.5248,0.117389486
mr,ug,12,0.75477715,-0.343071793,0,-1.04197607,0.72985533,-1.203350786,0.276828836,-0.79911506,1.16730381,0.682477255,0.6284,-0.706259358
mr,uz,13,0.662360644,-0.149493888,0,0.632419405,0.72985533,-0.181902616,0.276828836,-0.243541376,0.196949161,-1.628125965,0.6284,1.590962734
mr,vi,14,0.561401761,0.016977944,0.0001,0.632419405,0.72985533,-0.181902616,0.276828836,1.050546403,0.361982216,0.579980434,0.5522,-0.588690814
mr,xh,3,1.061787778,-1.800722819,0,-2.349673015,0.72985533,-2.001098194,0.276828836,1.27280571,0.124616989,-1.628125965,0.5351,0.432068272
mr,yo,18,0.082413584,0.482542672,0.0005,0.379281215,0.72985533,-0.33632703,0.276828836,1.531467174,0.277749941,0.602855577,0.4407,0.500625532
mr,zu,12,0.75477715,-0.343071793,0,-1.764244316,0.72985533,-1.643963287,0.276828836,0.909699536,0.565397966,0.568066156,0.5774,0.324616972
pa,am,26,-1.432728774,0.917845425,0,-0.611235909,0.585908824,-0.828616087,0.276828836,-1.496876243,-0.635401349,0.591554152,0.5241,-0.245804905
pa,ar,5,0.94415347,-0.975108354,0,0.632419405,0.585908824,-0.069936633,0.276828836,-1.062435582,-0.338475148,-1.628125965,0.5732,1.590962734
pa,az,16,-0.307412221,0.676120577,0,0.632419405,0.585908824,-0.069936633,0.276828836,-1.062435582,-0.338475148,-1.628125965,0.5732,1.590962734
pa,bn,29,-1.676612221,0.941909069,0,0.632419405,0.585908824,-0.069936633,-2.368088113,-1.536577578,-1.790122445,0.61394371,0.3369,-1.423721227
pa,ca,12,0.369163081,0.251281522,0.00012655,0.632419405,0.585908824,-0.069936633,-0.259467152,-0.232743391,-0.555684625,0.61394371,0.4574,0.24911543
pa,ceb,5,0.94415347,-0.975108354,0,0.632419405,0.585908824,-0.069936633,0.276828836,1.602962239,0.337163737,-1.628125965,0.5457,0.081927946
pa,ckb,16,-0.307412221,0.676120577,0,0.269678823,0.585908824,-0.291222888,-1.342084598,0.926574617,1.775776004,-1.628125965,0.5732,-0.718684638
pa,de,14,0.026352876,0.517070014,0,0.632419405,0.585908824,-0.069936633,-0.590926155,-1.119544055,-0.54557423,0.579980434,0.5228,0.090367884
pa,fa,13,0.13573851,0.446984512,0,0.632419405,0.585908824,-0.069936633,0.276828836,-1.062435582,-0.338475148,-1.628125965,0.5732,1.590962734
pa,fr,9,0.7248316,-0.274989841,0,0.632419405,0.585908824,-0.069936633,-0.086357782,-0.854503078,-0.757270217,0.579980434,0.4609,0.243216945
pa,ha,18,-0.919041042,0.84259241,0.00012655,-1.108887671,0.585908824,-1.132203554,0.276828836,0.050376411,0.092963916,0.579980434,0.562,0.375932294
pa,hi,49,-3.191754579,1.011313742,0,0.632419405,0.585908824,-0.069936633,-2.368088113,-4.113684712,-2.826992076,0.602855577,0.3253,-2.613673469
pa,hu,10,0.596101316,-0.03596899,0,0.632419405,0.585908824,-0.069936633,0.276828836,-1.662767,-0.973789612,0.602855577,0.4758,-0.027589617
pa,ilo,7,0.86697241,-0.662603682,0.00012655,-0.175037928,0.585908824,-0.562517883,0.276828836,0.15197745,-0.500769814,-1.628125965,0.4987,-0.084689549
pa,id,20,-1.064983401,0.868208664,0,0.632419405,0.585908824,-0.069936633,0.276828836,-0.1088297,-0.31204906,0.591554152,0.4715,0.065724418
pa,it,15,-0.161469863,0.615024627,0,0.632419405,0.585908824,-0.069936633,-0.316081083,-0.959390165,-0.786017914,-1.628125965,0.5192,0.098748091
pa,jv,12,0.369163081,0.251281522,0.00012655,0.571061437,0.585908824,-0.107367446,0.276828836,1.435101285,-0.541902498,0.658285164,0.3915,-0.04019916
pa,kk,11,0.561401761,0.016977944,0,0.632419405,0.585908824,-0.069936633,0.276828836,0.648118565,1.714980605,0.713086254,0.5732,-1.410205463
pa,rw,3,1.061787778,-1.800722819,0.00012655,-1.276296374,0.585908824,-1.234329555,0.276828836,1.366390805,0.193755269,-1.628125965,0.5311,0.166105626
pa,ky,17,-0.675157595,0.789645475,0,0.632419405,0.585908824,-0.069936633,0.276828836,-0.652259717,-0.283131713,0.579980434,0.5306,-1.611551949
pa,ku,15,-0.161469863,0.615024627,0.00012655,-0.080624024,0.585908824,-0.504921627,0.276828836,0.397420356,1.505894081,-1.628125965,0.5732,-0.720351237
pa,lo,1,1.147552874,-3.717740242,0.00012655,-1.670564829,0.585908824,-1.474849072,0.276828836,0.044852683,-0.414072485,-1.628125965,0.5167,-0.534725345
pa,mr,35,-1.991032668,0.965496175,0,0.632419405,0.585908824,-0.069936633,-2.872656486,-1.536577578,-2.174137497,-1.628125965,0.3531,-1.602734944
pa,mt,8,0.75477715,-0.343071793,0.00012655,-0.905673975,0.585908824,-1.008235077,0.276828836,0.810803571,0.055384954,-1.628125965,0.5681,0.094565401
pa,my,3,1.061787778,-1.800722819,0,-0.236001721,0.585908824,-0.599708233,0.276828836,-0.193054144,-0.509882869,0.568066156,0.4423,-1.077797137
pa,ms,18,-0.919041042,0.84259241,0,0.632419405,0.585908824,-0.069936633,0.276828836,-1.062435582,-0.338475148,-1.628125965,0.5732,1.590962734
pa,nl,13,0.13573851,0.446984512,0,0.632419405,0.585908824,-0.069936633,-0.316081083,-0.59352165,-0.873208404,-1.628125965,0.4873,0.191084658
pa,ny,4,1.016241847,-1.399947409,0.00012655,-2.2845374,0.585908824,-1.849396883,0.276828836,0.55524298,1.584503136,-1.628125965,0.5732,0.3086386
pa,om,8,0.75477715,-0.343071793,0,-2.197495376,0.585908824,-1.796297769,0.276828836,-1.062435582,-0.338475148,-1.628125965,0.5732,1.590962734
pa,pl,12,0.369163081,0.251281522,0,0.632419405,0.585908824,-0.069936633,-0.749399781,-1.108852241,-0.471712874,0.61394371,0.5412,-0.004131855
pa,pt,7,0.86697241,-0.662603682,0,0.632419405,0.585908824,-0.069936633,-0.111625352,-1.262432826,-1.284349435,-1.628125965,0.4629,0.354596252
pa,ro,13,0.13573851,0.446984512,0,0.632419405,0.585908824,-0.069936633,-0.385917719,-0.750642648,-0.41855314,0.624956681,0.5311,-0.11180983
pa,ru,5,0.94415347,-0.975108354,0,0.632419405,0.585908824,-0.069936633,-0.97889798,-1.200886738,-0.263940747,0.61394371,0.5856,-0.795216917
pa,sn,14,0.026352876,0.517070014,0.00012655,-1.570983707,0.585908824,-1.414100607,0.276828836,1.40363675,0.131894781,-1.628125965,0.5169,0.37956102
pa,so,4,1.016241847,-1.399947409,0.00012655,-0.990919845,0.585908824,-1.060238465,0.276828836,-1.030746883,-0.831371777,0.591554152,0.4674,-0.241901522
pa,es,15,-0.161469863,0.615024627,0,0.632419405,0.585908824,-0.069936633,-0.173465968,-0.747911492,-0.195594812,0.602855577,0.5577,0.321507688
pa,sw,8,0.75477715,-0.343071793,0,0.632419405,0.585908824,-0.069936633,0.276828836,-1.062435582,-0.338475148,-1.628125965,0.5732,1.590962734
pa,sv,10,0.596101316,-0.03596899,0,0.632419405,0.585908824,-0.069936633,-0.590926155,-0.451917474,-0.612104035,-1.628125965,0.5228,0.040118516
pa,ta,21,-1.233461489,0.893285588,0,0.632419405,0.585908824,-0.069936633,0.276828836,-1.590309321,-1.78431942,-1.628125965,0.4131,-1.027025666
pa,te,46,-2.4341834,0.988625249,0,0.233081326,0.585908824,-0.313548824,0.276828836,-0.864717522,-1.964833697,0.624956681,0.2687,-1.44505727
pa,tg,13,0.13573851,0.446984512,0,0.632419405,0.585908824,-0.069936633,-0.97889798,0.213592946,1.416597682,-1.628125965,0.5732,-1.768405319
pa,tl,10,0.596101316,-0.03596899,0,0.632419405,0.585908824,-0.069936633,0.276828836,-0.1088297,-0.320843127,0.602855577,0.4781,-0.044432358
pa,th,7,0.86697241,-0.662603682,0.00012655,0.632419405,0.585908824,-0.069936633,0.276828836,0.641738339,-0.174148621,0.591554152,0.4365,-0.614335143
pa,ti,2,1.12673426,-2.892125777,0,-3.121373949,0.585908824,-2.359900629,0.276828836,0.070059442,-0.096809106,-1.628125965,0.5825,-0.290773225
pa,tk,17,-0.675157595,0.789645475,0,-1.052059778,0.585908824,-1.097536268,0.276828836,-0.730645175,1.061225316,0.713086254,0.5732,-1.319682986
pa,tr,13,0.13573851,0.446984512,0,0.632419405,0.585908824,-0.069936633,0.276828836,-0.882404863,-0.377473274,0.602855577,0.548,-0.312436316
pa,uk,17,-0.675157595,0.789645475,0,0.632419405,0.585908824,-0.069936633,-0.749399781,-1.681029557,-1.19745341,-1.628125965,0.5008,-0.110812678
pa,ug,12,0.369163081,0.251281522,0,-1.04197607,0.585908824,-1.091384803,0.276828836,-1.027875006,0.99503368,0.682477255,0.5732,-1.431297186
pa,uz,17,-0.675157595,0.789645475,0,0.632419405,0.585908824,-0.069936633,0.276828836,-1.062435582,-0.338475148,-1.628125965,0.5732,1.590962734
pa,vi,10,0.596101316,-0.03596899,0,0.632419405,0.585908824,-0.069936633,0.276828836,0.522729753,-0.064005918,0.579980434,0.4909,-0.510033273
pa,xh,3,1.061787778,-1.800722819,0.00012655,-2.349673015,0.585908824,-1.889132212,0.276828836,1.267736282,0.034849318,-1.628125965,0.5008,0.569925753
pa,yo,8,0.75477715,-0.343071793,0.00012655,0.379281215,0.585908824,-0.224361048,0.276828836,0.648118565,0.052924874,0.602855577,0.4832,0.487167798
pa,zu,12,0.369163081,0.251281522,0,-1.764244316,0.585908824,-1.531997304,0.276828836,0.084972197,0.070121507,0.568066156,0.5342,0.468982874
te,am,22,-1.233461489,0.893285588,0.000166917,-0.611235909,0.416660884,-0.696969879,0.276828836,-1.079796563,-0.883964045,0.455910495,0.5211,-0.244130451
te,ar,6,0.968715047,-1.100604307,0,0.632419405,0.416660884,0.061709575,0.276828836,0.010006202,-0.214539499,0.624956681,0.5608,1.590962734
te,az,16,-0.232006864,0.645964286,0,0.632419405,0.416660884,0.061709575,0.276828836,0.010006202,-0.214539499,0.624956681,0.5608,1.590962734
te,bn,30,-1.432728774,0.917845425,0,0.632419405,0.416660884,0.061709575,0.276828836,-0.581141241,-2.366092386,0.321745062,0.3198,-1.521273491
te,ca,14,0.32629703,0.29307914,0,0.632419405,0.416660884,0.061709575,0.276828836,0.722718985,-0.800450437,0.321745062,0.4565,0.443045478
te,ceb,8,0.839984763,-0.574332943,0,0.632419405,0.416660884,0.061709575,0.276828836,1.728102835,0.343379259,0.624956681,0.5587,-0.044903649
te,ckb,18,-0.790310758,0.816413116,0.000166917,0.269678823,0.416660884,-0.159576679,0.276828836,0.470310856,1.755588242,0.624956681,0.5608,-0.349039796
te,de,15,0.13573851,0.446984512,0,0.632419405,0.416660884,0.061709575,0.276828836,-0.366269891,-0.614894313,0.487558428,0.5367,0.330811153
te,fa,14,0.32629703,0.29307914,0,0.632419405,0.416660884,0.061709575,0.276828836,0.010006202,-0.214539499,0.624956681,0.5608,1.590962734
te,fr,9,0.812313812,-0.492154851,0,0.632419405,0.416660884,0.061709575,0.276828836,0.48273207,-0.600957589,0.487558428,0.4777,0.455776386
te,ha,16,-0.232006864,0.645964286,0,-1.108887671,0.416660884,-1.000557346,0.276828836,1.266468205,0.121379204,0.487558428,0.5594,0.434900716
te,hi,47,-3.191754579,1.011313742,0,0.632419405,0.416660884,0.061709575,0.276828836,-0.864717522,-2.363503977,0.408543662,0.3131,-1.997299104
te,hu,12,0.596101316,-0.03596899,0,0.632419405,0.416660884,0.061709575,0.276828836,-0.852647916,-1.068202842,0.408543662,0.4744,0.230584249
te,ilo,13,0.488511812,0.116294604,0.000166917,-0.175037928,0.416660884,-0.430871674,0.276828836,0.948100437,-0.162176544,0.624956681,0.496,-0.174281055
te,id,19,-1.064983401,0.868208664,0,0.632419405,0.416660884,0.061709575,0.276828836,0.869670606,-0.362371788,0.455910495,0.4878,-0.22531696
te,it,15,0.13573851,0.446984512,0,0.632419405,0.416660884,0.061709575,0.276828836,0.14112436,-0.132364112,0.624956681,0.5157,0.318390218
te,jv,18,-0.790310758,0.816413116,0.000166917,0.571061437,0.416660884,0.024278762,0.276828836,1.220624204,-1.135512348,0.506691321,0.4304,-0.314210276
te,kk,12,0.596101316,-0.03596899,0,0.632419405,0.416660884,0.061709575,0.276828836,0.035370682,1.692753896,0.749082798,0.5608,-0.623520335
te,rw,5,1.016241847,-1.399947409,0,-1.276296374,0.416660884,-1.102683346,0.276828836,0.616856693,-0.253502157,0.624956681,0.5114,0.112447071
te,ky,17,-0.47589031,0.734235025,0,0.632419405,0.416660884,0.061709575,0.276828836,-1.358075798,-0.970803939,0.487558428,0.5442,-0.706259358
te,ku,17,-0.47589031,0.734235025,0,-0.080624024,0.416660884,-0.373275419,0.276828836,0.358002852,1.715580035,0.624956681,0.5608,-0.346604591
te,lo,1,1.12673426,-2.892125777,0,-1.670564829,0.416660884,-1.343202864,0.276828836,1.080785469,0.144808459,0.624956681,0.5309,-0.755043859
te,mr,36,-1.991032668,0.965496175,0,0.632419405,0.416660884,0.061709575,0.276828836,-1.660622392,-1.882663502,0.624956681,0.3556,-3.498005395
te,mt,8,0.839984763,-0.574332943,0,-0.905673975,0.416660884,-0.876588868,0.276828836,1.617866347,0.152058603,0.624956681,0.5629,0.285329822
te,my,1,1.12673426,-2.892125777,0,-0.236001721,0.416660884,-0.468062025,0.276828836,-0.562622035,-1.196415106,0.51085077,0.4426,-1.343436009
te,ms,19,-1.064983401,0.868208664,0,0.632419405,0.416660884,0.061709575,0.276828836,0.010006202,-0.214539499,0.624956681,0.5608,1.590962734
te,nl,11,0.694042404,-0.210589839,0,0.632419405,0.416660884,0.061709575,0.276828836,-0.264365711,-0.417656706,0.624956681,0.518,0.422895145
te,ny,3,1.061787778,-1.800722819,0,-2.2845374,0.416660884,-1.717750675,0.276828836,1.506013062,2.159772492,0.624956681,0.5608,0.187990944
te,om,8,0.839984763,-0.574332943,0,-2.197495376,0.416660884,-1.66465156,0.276828836,0.010006202,-0.214539499,0.624956681,0.5608,1.590962734
te,pa,44,-2.4341834,0.988625249,0,0.448880641,0.416660884,-0.050256407,0.276828836,-0.864717522,-1.964833697,0.624956681,0.2687,-1.44505727
te,pl,13,0.488511812,0.116294604,0,0.632419405,0.416660884,0.061709575,0.276828836,-0.509174492,-0.704021431,0.321745062,0.5379,0.265911716
te,pt,10,0.75477715,-0.343071793,0,0.632419405,0.416660884,0.061709575,0.276828836,0.516929716,-0.251764389,0.624956681,0.4797,0.536359739
te,ro,16,-0.232006864,0.645964286,0,0.632419405,0.416660884,0.061709575,0.276828836,0.14112436,-0.558445355,0.432537475,0.5114,0.162945868
te,ru,4,1.039252048,-1.583557809,0,0.632419405,0.416660884,0.061709575,0.276828836,-0.068398397,-0.234417966,0.321745062,0.5801,-0.25759286
te,sn,15,0.13573851,0.446984512,0,-1.570983707,0.416660884,-1.282454399,0.276828836,1.175689209,0.030732628,0.624956681,0.5311,0.26627422
te,so,6,0.968715047,-1.100604307,0,-0.990919845,0.416660884,-0.928592257,0.276828836,-0.120203219,-1.007745289,0.455910495,0.4681,-0.351480021
te,es,18,-0.790310758,0.816413116,0,0.632419405,0.416660884,0.061709575,0.276828836,0.698197014,0.115708319,0.512093137,0.5702,0.502408395
te,sw,12,0.596101316,-0.03596899,0.000166917,0.632419405,0.416660884,0.061709575,0.276828836,0.010006202,-0.214539499,0.624956681,0.5608,1.590962734
te,sv,8,0.839984763,-0.574332943,0,0.632419405,0.416660884,0.061709575,0.276828836,0.172077293,-0.414968313,0.624956681,0.4904,0.320469443
te,ta,33,-1.676612221,0.941909069,0.000166917,0.632419405,0.416660884,0.061709575,-0.259467152,-4.383136358,-1.924184847,0.624956681,0.4327,-2.448358191
te,tg,16,-0.232006864,0.645964286,0,0.632419405,0.416660884,0.061709575,0.276828836,-0.046686828,1.57897063,0.624956681,0.5608,-0.791668995
te,tl,16,-0.232006864,0.645964286,0,0.632419405,0.416660884,0.061709575,0.276828836,1.108252505,-0.29625641,0.408543662,0.4763,-0.145709145
te,th,7,0.94415347,-0.975108354,0,0.632419405,0.416660884,0.061709575,0.276828836,1.531467174,-0.373027193,0.455910495,0.4364,-0.936575135
te,ti,2,1.105511376,-2.409172274,0,-3.121373949,0.416660884,-2.22825442,0.276828836,-0.274389094,-0.129816545,0.624956681,0.5796,-0.244130451
te,tk,16,-0.232006864,0.645964286,0.000166917,-1.052059778,0.416660884,-0.96589006,0.276828836,-1.313573885,1.270649329,0.749082798,0.5608,-0.660197772
te,tr,14,0.32629703,0.29307914,0,0.632419405,0.416660884,0.061709575,0.276828836,-1.174295373,-0.836219571,0.408543662,0.5461,-0.023879098
te,uk,17,-0.47589031,0.734235025,0,0.632419405,0.416660884,0.061709575,0.276828836,-0.31213814,-0.298008827,0.624956681,0.5157,0.170829508
te,ug,15,0.13573851,0.446984512,0,-1.04197607,0.416660884,-0.959738595,0.276828836,-2.722712161,1.04152253,0.749082798,0.5608,-0.645233656
te,uz,14,0.32629703,0.29307914,0,0.632419405,0.416660884,0.061709575,0.276828836,0.010006202,-0.214539499,0.624956681,0.5608,1.590962734
te,vi,10,0.75477715,-0.343071793,0,0.632419405,0.416660884,0.061709575,0.276828836,1.496285598,0.034026236,0.55191178,0.5367,-0.663372354
te,xh,3,1.061787778,-1.800722819,0,-2.349673015,0.416660884,-1.757486003,0.276828836,1.198843877,0.090521218,0.624956681,0.5319,0.437726401
te,yo,11,0.694042404,-0.210589839,0.000166917,0.379281215,0.416660884,-0.092714839,0.276828836,1.485931534,-0.132364112,0.512093137,0.4798,0.533181671
te,zu,13,0.488511812,0.116294604,0,-1.764244316,0.416660884,-1.400351096,0.276828836,0.960172278,0.034026236,0.565707189,0.5309,0.333211278
ti,am,63,-3.191754579,1.011313742,0.382716049,-0.611235909,-2.21418455,1.349381926,-3.62381493,-1.079796563,-1.037887878,0.591554152,0.3973,-3.017886731
ti,ar,24,0.75477715,-0.343071793,0,0.632419405,-2.21418455,2.10806138,0.276828836,0.010006202,0.279322024,-1.628125965,0.6284,1.590962734
ti,az,37,-0.675157595,0.789645475,0.012345679,0.632419405,-2.21418455,2.10806138,0.276828836,0.010006202,0.279322024,-1.628125965,0.6284,1.590962734
ti,bn,39,-1.676612221,0.941909069,0,0.632419405,-2.21418455,2.10806138,0.276828836,-0.016272375,0.037317799,0.61394371,0.5877,0.04099564
ti,ca,23,0.812313812,-0.492154851,0,0.632419405,-2.21418455,2.10806138,0.276828836,0.507491765,-0.173292575,0.61394371,0.4901,-0.176386154
ti,ceb,28,0.488511812,0.116294604,0.012345679,0.632419405,-2.21418455,2.10806138,0.276828836,0.861493829,-0.255240496,-1.628125965,0.5195,0.680436259
ti,ckb,33,-0.307412221,0.676120577,0,0.269678823,-2.21418455,1.886775125,0.276828836,0.470310856,1.647411808,-1.628125965,0.6284,-0.9405857
ti,de,26,0.629733022,-0.091379441,0,0.632419405,-2.21418455,2.10806138,0.276828836,-0.366269891,-0.386376639,0.579980434,0.4997,-0.197645582
ti,fa,24,0.75477715,-0.343071793,0,0.632419405,-2.21418455,2.10806138,0.276828836,0.010006202,0.279322024,-1.628125965,0.6284,1.590962734
ti,fr,21,0.86697241,-0.662603682,0,0.632419405,-2.21418455,2.10806138,0.276828836,-0.10396243,-0.305901882,0.579980434,0.5,-0.061996271
ti,ha,29,0.369163081,0.251281522,0,-1.108887671,-2.21418455,1.045794459,-0.749399781,0.208228699,-0.090906387,0.579980434,0.511,-0.546186955
ti,hi,42,-1.991032668,0.965496175,0,0.632419405,-2.21418455,2.10806138,0.276828836,0.070059442,-0.231820891,0.602855577,0.5302,-0.286140972
ti,hu,26,0.629733022,-0.091379441,0,0.632419405,-2.21418455,2.10806138,0.276828836,-0.171673223,-0.473524274,0.602855577,0.4488,-0.334503123
ti,ilo,31,0.026352876,0.517070014,0,-0.175037928,-2.21418455,1.61548013,0.276828836,0.708018752,-0.135762774,-1.628125965,0.5396,0.607195638
ti,id,36,-0.47589031,0.734235025,0,0.632419405,-2.21418455,2.10806138,0.276828836,1.047249642,0.146420459,0.591554152,0.47,0.533181671
ti,it,33,-0.307412221,0.676120577,0,0.632419405,-2.21418455,2.10806138,0.276828836,0.14112436,-0.564892656,-1.628125965,0.4608,-0.326105085
ti,jv,28,0.488511812,0.116294604,0,0.571061437,-2.21418455,2.070630567,0.276828836,1.220624204,-0.117097042,0.658285164,0.5235,0.518627428
ti,kk,22,0.839984763,-0.574332943,0,0.632419405,-2.21418455,2.10806138,0.276828836,0.035370682,1.572200827,0.713086254,0.6284,-0.341749153
ti,rw,29,0.369163081,0.251281522,0,-1.276296374,-2.21418455,0.943668458,0.276828836,0.337065427,-0.83040275,-1.628125965,0.4531,-1.056561789
ti,ky,31,0.026352876,0.517070014,0,0.632419405,-2.21418455,2.10806138,0.276828836,-0.202124667,-0.040579468,0.579980434,0.5648,-0.18325369
ti,ku,38,-1.064983401,0.868208664,0,-0.080624024,-2.21418455,1.673076386,0.276828836,0.009211699,1.457659563,-1.628125965,0.6284,-0.920667345
ti,lo,2,1.147552874,-3.717740242,0.012345679,-1.670564829,-2.21418455,0.703148941,0.276828836,0.875795326,-0.188722586,-1.628125965,0.4997,0.346156314
ti,mr,39,-1.676612221,0.941909069,0,0.632419405,-2.21418455,2.10806138,0.276828836,0.470310856,-0.230955482,-1.628125965,0.5354,-0.308307381
ti,mt,16,0.968715047,-1.100604307,0,-0.905673975,-2.21418455,1.169762936,-2.368088113,1.617866347,-0.822656904,-1.628125965,0.4042,-0.531166225
ti,my,7,1.12673426,-2.892125777,0.012345679,-0.236001721,-2.21418455,1.57828978,0.276828836,0.543704438,0.083186362,0.568066156,0.5236,0.129249171
ti,ms,32,-0.032739579,0.550624624,0,0.632419405,-2.21418455,2.10806138,0.276828836,0.010006202,0.279322024,-1.628125965,0.6284,1.590962734
ti,nl,19,0.919027209,-0.861583456,0,0.632419405,-2.21418455,2.10806138,0.276828836,-0.52839162,-0.969809088,-1.628125965,0.4757,-0.037853906
ti,ny,10,1.061787778,-1.800722819,0,-2.2845374,-2.21418455,0.32860113,0.276828836,1.156966632,1.956379109,-1.628125965,0.6284,-0.501684578
ti,om,43,-2.4341834,0.988625249,0,-2.197495376,-2.21418455,0.381700244,0.276828836,0.010006202,0.279322024,-1.628125965,0.6284,1.590962734
ti,pa,37,-0.675157595,0.789645475,0,0.448880641,-2.21418455,1.996095397,0.276828836,0.070059442,-0.096809106,-1.628125965,0.5825,-0.290773225
ti,pl,27,0.596101316,-0.03596899,0,0.632419405,-2.21418455,2.10806138,0.276828836,0.377374574,-0.040579468,0.61394371,0.5074,-0.191761088
ti,pt,26,0.629733022,-0.091379441,0,0.632419405,-2.21418455,2.10806138,0.276828836,0.316801008,-0.529071428,-1.628125965,0.4726,-0.035513288
ti,ro,39,-1.676612221,0.941909069,0,0.632419405,-2.21418455,2.10806138,0.276828836,0.348291685,-0.615824732,0.624956681,0.3834,-0.403921874
ti,ru,21,0.86697241,-0.662603682,0,0.632419405,-2.21418455,2.10806138,0.276828836,0.324314941,0.183361809,0.61394371,0.5422,-0.010067297
ti,sn,33,-0.307412221,0.676120577,0.012345679,-1.570983707,-2.21418455,0.763897405,0.276828836,0.948100437,-0.145971852,-1.628125965,0.5295,-0.389961046
ti,so,16,0.968715047,-1.100604307,0,-0.990919845,-2.21418455,1.117759548,-0.385917719,-0.120203219,-0.342892332,0.591554152,0.5058,-1.595728306
ti,es,28,0.488511812,0.116294604,0,0.632419405,-2.21418455,2.10806138,0.276828836,0.349786812,0.235126519,0.602855577,0.5499,-0.109318522
ti,sw,30,0.18658229,0.410332085,0,0.632419405,-2.21418455,2.10806138,0.276828836,0.010006202,0.279322024,-1.628125965,0.6284,1.590962734
ti,sv,13,1.016241847,-1.399947409,0,0.632419405,-2.21418455,2.10806138,0.276828836,0.172077293,0.107596516,-1.628125965,0.617,0.005393761
ti,ta,30,0.18658229,0.410332085,0,0.632419405,-2.21418455,2.10806138,0.276828836,-0.73518376,-0.618616969,-1.628125965,0.5469,-0.216021133
ti,te,31,0.026352876,0.517070014,0,0.233081326,-2.21418455,1.864449189,0.276828836,-0.274389094,-0.129816545,0.624956681,0.5796,-0.244130451
ti,tg,26,0.629733022,-0.091379441,0,0.632419405,-2.21418455,2.10806138,0.276828836,-0.35523175,1.318024015,-1.628125965,0.6284,-0.347212923
ti,tl,38,-1.064983401,0.868208664,0.012345679,0.632419405,-2.21418455,2.10806138,0.276828836,0.943398762,0.251743042,0.602855577,0.5148,0.62419478
ti,th,10,1.061787778,-1.800722819,0,0.632419405,-2.21418455,2.10806138,0.276828836,1.030074977,0.176154382,0.591554152,0.5043,0.280325994
ti,tk,34,-0.388408099,0.705532192,0,-1.052059778,-2.21418455,1.080461745,0.276828836,-0.377329935,1.357288938,0.713086254,0.6284,-0.603708369
ti,tr,38,-1.064983401,0.868208664,0,0.632419405,-2.21418455,2.10806138,0.276828836,-0.424366797,-0.282257887,0.602855577,0.5295,-0.742233222
ti,uk,19,0.919027209,-0.861583456,0,0.632419405,-2.21418455,2.10806138,0.276828836,0.14112436,-0.459050375,-1.628125965,0.4829,-0.349649381
ti,ug,30,0.18658229,0.410332085,0,-1.04197607,-2.21418455,1.08661321,0.276828836,-0.845233435,1.236642891,0.682477255,0.6284,-0.057699929
ti,uz,33,-0.307412221,0.676120577,0,0.632419405,-2.21418455,2.10806138,0.276828836,0.010006202,0.279322024,-1.628125965,0.6284,1.590962734
ti,vi,11,1.039252048,-1.583557809,0,0.632419405,-2.21418455,2.10806138,0.276828836,0.950114227,0.055384954,0.579980434,0.4997,0.377583094
ti,xh,9,1.105511376,-2.409172274,0,-2.349673015,-2.21418455,0.288865801,0.276828836,0.237287035,-0.821689469,-1.628125965,0.4571,0.014395084
ti,yo,29,0.369163081,0.251281522,0,0.379281215,-2.21418455,1.953636965,0.276828836,1.121284624,0.195352455,0.602855577,0.4867,-0.3320976
ti,zu,30,0.18658229,0.410332085,0,-1.764244316,-2.21418455,0.646000709,0.276828836,0.239574675,0.055384954,0.568066156,0.5199,-0.15136864
uk,am,18,0.450158958,0.163010783,0,-0.611235909,0.72985533,-0.94058207,0.276828836,-0.90014851,-0.811059316,0.591554152,0.4249,-0.231922937
uk,ar,10,0.919027209,-0.861583456,0,0.632419405,0.72985533,-0.181902616,0.276828836,-0.807388256,0.217662686,-1.628125965,0.6737,1.590962734
uk,az,35,-2.4341834,0.988625249,0.0015,0.632419405,0.72985533,-0.181902616,0.276828836,-0.807388256,0.217662686,-1.628125965,0.6737,1.590962734
uk,bn,26,-0.095210535,0.583259814,0,0.632419405,0.72985533,-0.181902616,-0.474610986,-0.483943634,-0.30063854,0.61394371,0.5256,0.214790756
uk,ca,24,0.18658229,0.410332085,0.0005,0.632419405,0.72985533,-0.181902616,-0.259467152,-1.451256803,-1.228697483,0.61394371,0.4021,-1.270902336
uk,ceb,10,0.919027209,-0.861583456,0,0.632419405,0.72985533,-0.181902616,0.276828836,0.641028975,-0.298885253,-1.628125965,0.4692,0.774449628
uk,ckb,25,0.026352876,0.517070014,0,0.269678823,0.72985533,-0.40318887,-0.474610986,1.165367289,1.849926175,-1.628125965,0.6737,-1.002433612
uk,de,25,0.026352876,0.517070014,0.0002,0.632419405,0.72985533,-0.181902616,-0.590926155,-2.273076094,-1.24229398,0.579980434,0.4605,-2.107708578
uk,fa,20,0.369163081,0.251281522,0,0.632419405,0.72985533,-0.181902616,0.276828836,-0.807388256,0.217662686,-1.628125965,0.6737,1.590962734
uk,fr,24,0.18658229,0.410332085,0.0003,0.632419405,0.72985533,-0.181902616,-0.086357782,-1.867023644,-1.118093165,0.579980434,0.4596,-1.359063472
uk,ha,17,0.596101316,-0.03596899,0,-1.108887671,0.72985533,-1.244169537,0.276828836,-0.867506532,-0.514445277,0.579980434,0.4975,-0.212214549
uk,hi,29,-1.064983401,0.868208664,0,0.632419405,0.72985533,-0.181902616,-0.474610986,-1.681029557,-0.785057142,0.602855577,0.5252,0.000867309
uk,hu,24,0.18658229,0.410332085,0.0007,0.632419405,0.72985533,-0.181902616,0.276828836,-1.539723971,-1.264331487,0.602855577,0.4021,-3.095856856
uk,ilo,12,0.783924055,-0.41528238,0,-0.175037928,0.72985533,-0.674483865,0.276828836,0.012389031,-0.843013939,-1.628125965,0.4148,0.66681817
uk,id,28,-0.675157595,0.789645475,0.0008,0.632419405,0.72985533,-0.181902616,0.276828836,-1.408056537,-1.109915667,0.591554152,0.404,0.800818906
uk,it,24,0.18658229,0.410332085,0.0003,0.632419405,0.72985533,-0.181902616,-0.316081083,-2.430848123,-2.212982472,-1.628125965,0.3926,-1.871804538
uk,jv,16,0.694042404,-0.210589839,0.0013,0.571061437,0.72985533,-0.219333429,0.276828836,0.730403662,-0.237882712,0.658285164,0.4456,0.744821232
uk,kk,34,-1.991032668,0.965496175,0.0143,0.632419405,0.72985533,-0.181902616,0.276828836,0.958832253,1.797658035,0.713086254,0.6737,-0.549069777
uk,rw,5,1.061787778,-1.800722819,0,-1.276296374,0.72985533,-1.346295537,0.276828836,0.55452252,-0.372138424,-1.628125965,0.4592,0.073000787
uk,ky,32,-1.432728774,0.917845425,0.0063,0.632419405,0.72985533,-0.181902616,0.276828836,-0.062761346,0.031556222,0.579980434,0.539,-0.35025928
uk,ku,18,0.450158958,0.163010783,0.0004,-0.080624024,0.72985533,-0.61688761,0.276828836,-0.290296407,1.031984567,-1.628125965,0.6737,-1.013063112
uk,lo,3,1.147552874,-3.717740242,0,-1.670564829,0.72985533,-1.586815055,0.276828836,-1.083661913,-1.12833281,-1.628125965,0.466,0.499435463
uk,mr,29,-1.064983401,0.868208664,0,0.632419405,0.72985533,-0.181902616,-0.590926155,-0.72429736,-0.644749019,-1.628125965,0.5248,0.117389486
uk,mt,10,0.919027209,-0.861583456,0.0001,-0.905673975,0.72985533,-1.12020106,0.276828836,1.401161415,-0.298885253,-1.628125965,0.4147,-1.407222795
uk,my,4,1.105511376,-2.409172274,0.0001,-0.236001721,0.72985533,-0.711674216,0.276828836,0.323564004,-0.07575808,0.568066156,0.4682,0.313176126
uk,ms,28,-0.675157595,0.789645475,0.0005,0.632419405,0.72985533,-0.181902616,0.276828836,-0.807388256,0.217662686,-1.628125965,0.6737,1.590962734
uk,nl,28,-0.675157595,0.789645475,0.0003,0.632419405,0.72985533,-0.181902616,-0.316081083,-2.267096226,-1.715174149,-1.628125965,0.4527,-1.522914681
uk,ny,6,1.039252048,-1.583557809,0,-2.2845374,0.72985533,-1.961362866,0.276828836,-0.50307382,0.924526922,-1.628125965,0.6737,0.355941077
uk,om,9,0.992736765,-1.240896846,0,-2.197495376,0.72985533,-1.908263752,0.276828836,-0.807388256,0.217662686,-1.628125965,0.6737,1.590962734
uk,pa,27,-0.232006864,0.645964286,0,0.448880641,0.72985533,-0.293868598,-0.590926155,-1.681029557,-1.19745341,-1.628125965,0.5008,-0.110812678
uk,pl,33,-1.676612221,0.941909069,0.0003,0.632419405,0.72985533,-0.181902616,-3.62381493,-3.557976929,-1.76001585,0.61394371,0.4504,-2.60136017
uk,pt,17,0.596101316,-0.03596899,0.0005,0.632419405,0.72985533,-0.181902616,-0.111625352,-2.575501624,-2.200420707,-1.628125965,0.4048,-0.955747474
uk,ro,28,-0.675157595,0.789645475,0.0005,0.632419405,0.72985533,-0.181902616,-0.385917719,-2.430848123,-1.96243394,0.624956681,0.3519,-3.874004448
uk,ru,42,-3.191754579,1.011313742,0.0047,0.632419405,0.72985533,-0.181902616,-8.780185512,-3.564007587,-2.12195882,0.61394371,0.385,-0.526201361
uk,sn,12,0.783924055,-0.41528238,0,-1.570983707,0.72985533,-1.52606659,0.276828836,0.237287035,-0.459050375,-1.628125965,0.4752,0.394941522
uk,so,9,0.992736765,-1.240896846,0.0003,-0.990919845,0.72985533,-1.172204448,0.276828836,-0.83967904,-0.423037585,0.591554152,0.5256,-0.001856891
uk,es,25,0.026352876,0.517070014,0.0006,0.632419405,0.72985533,-0.181902616,-0.173465968,-1.692878472,-0.725826779,0.602855577,0.5275,-1.028106559
uk,sw,15,0.7248316,-0.274989841,0.0003,0.632419405,0.72985533,-0.181902616,0.276828836,-0.807388256,0.217662686,-1.628125965,0.6737,1.590962734
uk,sv,28,-0.675157595,0.789645475,0.0006,0.632419405,0.72985533,-0.181902616,-0.590926155,-1.718818414,-1.068202842,-1.628125965,0.5227,-1.585295478
uk,ta,17,0.596101316,-0.03596899,0,0.632419405,0.72985533,-0.181902616,0.276828836,-0.350144587,-0.324364842,-1.628125965,0.5559,0.266998894
uk,te,26,-0.095210535,0.583259814,0,0.233081326,0.72985533,-0.425514807,0.276828836,-0.31213814,-0.298008827,0.624956681,0.5157,0.170829508
uk,tg,27,-0.232006864,0.645964286,0.0012,0.632419405,0.72985533,-0.181902616,-0.316081083,-0.394388357,0.979216786,-1.628125965,0.6737,-0.422579925
uk,tl,18,0.450158958,0.163010783,0.0007,0.632419405,0.72985533,-0.181902616,0.276828836,-0.867506532,-0.599102124,0.602855577,0.4828,0.693646899
uk,th,11,0.893309689,-0.757943343,0.0001,0.632419405,0.72985533,-0.181902616,0.276828836,-0.327309634,-0.413176809,0.591554152,0.4683,0.478716242
uk,ti,4,1.105511376,-2.409172274,0,-3.121373949,0.72985533,-2.471866611,0.276828836,0.14112436,-0.459050375,-1.628125965,0.4829,-0.349649381
uk,tk,18,0.450158958,0.163010783,0,-1.052059778,0.72985533,-1.209502251,0.276828836,0.537203495,1.5177289,0.713086254,0.6737,-0.629683619
uk,tr,30,-1.233461489,0.893285588,0.001,0.632419405,0.72985533,-0.181902616,0.276828836,-0.049898025,-0.277890919,0.602855577,0.4752,-1.797038245
uk,ug,12,0.783924055,-0.41528238,0,-1.04197607,0.72985533,-1.203350786,0.276828836,-0.013080486,1.264126549,0.682477255,0.6737,-0.253088363
uk,uz,29,-1.064983401,0.868208664,0,0.632419405,0.72985533,-0.181902616,0.276828836,-0.807388256,0.217662686,-1.628125965,0.6737,1.590962734
uk,vi,19,0.410411152,0.207963661,0.0005,0.632419405,0.72985533,-0.181902616,0.276828836,-0.808308259,-0.365033632,0.579980434,0.5227,0.495858063
uk,xh,5,1.061787778,-1.800722819,0.0002,-2.349673015,0.72985533,-2.001098194,0.276828836,0.080267215,-0.8294339,-1.628125965,0.4118,0.620169445
uk,yo,14,0.75477715,-0.343071793,0.0001,0.379281215,0.72985533,-0.33632703,0.276828836,-0.414070301,-0.789862746,0.602855577,0.3673,-0.060084861
uk,zu,12,0.783924055,-0.41528238,0.0001,-1.764244316,0.72985533,-1.643963287,0.276828836,-0.061151806,-0.278764025,0.568066156,0.441,0.534627305
ug,am,21,-0.307412221,0.676120577,0,-0.611235909,-0.583346167,0.0808661,0.276828836,-0.966011607,0.712271533,0.677435922,0.6597,0.002679967
ug,ar,12,0.839984763,-0.574332943,0,0.632419405,-0.583346167,0.839545554,0.276828836,-0.053914625,1.264126549,0.682477255,0,1.590962734
ug,az,29,-2.4341834,0.988625249,0.006855184,0.632419405,-0.583346167,0.839545554,0.276828836,-0.053914625,1.264126549,0.682477255,0,1.590962734
ug,bn,21,-0.307412221,0.676120577,0,0.632419405,-0.583346167,0.839545554,0.276828836,-0.213690358,1.480891973,0.749082798,0.5983,-0.931580955
ug,ca,20,-0.032739579,0.550624624,0,0.632419405,-0.583346167,0.839545554,0.276828836,1.144665929,1.960959355,0.749082798,0.6461,0.164921704
ug,ceb,17,0.525564315,0.067671122,0,0.632419405,-0.583346167,0.839545554,0.276828836,1.471281209,2.144315879,0.682477255,0.713,0.129656014
ug,ckb,20,-0.032739579,0.550624624,0.002570694,0.269678823,-0.583346167,0.6182593,0.276828836,0.514027433,1.074770902,0.682477255,0,-0.650724775
ug,de,19,0.18658229,0.410332085,0,0.632419405,-0.583346167,0.839545554,0.276828836,-0.288619814,1.196470663,0.717621607,0.6153,-0.041608545
ug,fa,15,0.75477715,-0.343071793,0,0.632419405,-0.583346167,0.839545554,0.276828836,-0.053914625,1.264126549,0.682477255,0,1.590962734
ug,fr,16,0.629733022,-0.091379441,0,0.632419405,-0.583346167,0.839545554,0.276828836,0.347543971,1.559252603,0.749082798,0.6025,0.120263062
ug,ha,16,0.629733022,-0.091379441,0.00856898,-1.108887671,-0.583346167,-0.222721367,0.276828836,0.971549504,1.842323569,0.749082798,0.6328,0.448651519
ug,hi,24,-1.676612221,0.941909069,0,0.632419405,-0.583346167,0.839545554,0.276828836,-0.762493148,1.21494818,0.749082798,0.5363,-1.083449263
ug,hu,19,0.18658229,0.410332085,0.001713796,0.632419405,-0.583346167,0.839545554,0.276828836,-0.751553331,0.977839171,0.749082798,0.6461,-0.150337627
ug,ilo,18,0.450158958,0.163010783,0.00856898,-0.175037928,-0.583346167,0.346964305,0.276828836,1.196917991,1.991203939,0.682477255,0.6643,-0.062474606
ug,id,22,-0.919041042,0.84259241,0.00428449,0.632419405,-0.583346167,0.839545554,0.276828836,0.900227127,1.711982436,0.716117997,0.669,0.24506338
ug,it,19,0.18658229,0.410332085,0,0.632419405,-0.583346167,0.839545554,0.276828836,0.585418494,1.567888266,0.682477255,0.6737,0.010802761
ug,jv,19,0.18658229,0.410332085,0.011996572,0.571061437,-0.583346167,0.802114741,0.276828836,1.240408834,2.188906832,0.749082798,0.611,0.126397345
ug,kk,18,0.450158958,0.163010783,0,0.632419405,-0.583346167,0.839545554,-2.872656486,0.095935068,0.463147672,0.610296392,0,-1.784682116
ug,rw,12,0.839984763,-0.574332943,0.005141388,-1.276296374,-0.583346167,-0.324847367,0.276828836,1.144665929,1.991203939,0.682477255,0.6552,0.358961361
ug,ky,22,-0.919041042,0.84259241,0.000856898,0.632419405,-0.583346167,0.839545554,-2.872656486,-1.692878472,1.099739353,0.717621607,0.6328,-2.767671761
ug,ku,22,-0.919041042,0.84259241,0.011139674,-0.080624024,-0.583346167,0.40456056,0.276828836,0.998893529,1.495907384,0.682477255,0,-0.660197772
ug,lo,4,1.12673426,-2.892125777,0,-1.670564829,-0.583346167,-0.565366885,0.276828836,1.104989708,1.912668247,0.682477255,0.6643,-0.358216683
ug,mr,23,-1.432728774,0.917845425,0,0.632419405,-0.583346167,0.839545554,0.276828836,-0.79911506,1.16730381,0.682477255,0.6284,-0.706259358
ug,mt,9,1.039252048,-1.583557809,0.003427592,-0.905673975,-0.583346167,-0.098752889,0.276828836,1.240408834,2.144315879,0.682477255,0.688,0.061854044
ug,my,4,1.12673426,-2.892125777,0,-0.236001721,-0.583346167,0.309773954,0.276828836,-0.236893987,1.253673379,0.718930655,0.624,-0.711213836
ug,ms,23,-1.432728774,0.917845425,0.000856898,0.632419405,-0.583346167,0.839545554,0.276828836,-0.053914625,1.264126549,0.682477255,0,1.590962734
ug,nl,12,0.839984763,-0.574332943,0.000856898,0.632419405,-0.583346167,0.839545554,0.276828836,0.044063132,1.445689722,0.682477255,0.6068,0.040557159
ug,ny,8,1.061787778,-1.800722819,0.003427592,-2.2845374,-0.583346167,-0.939914696,0.276828836,1.518148566,1.952368145,0.682477255,0,0.513932033
ug,om,11,0.968715047,-1.100604307,0.000856898,-2.197495376,-0.583346167,-0.886815581,0.276828836,-0.053914625,1.264126549,0.682477255,0,1.590962734
ug,pa,22,-0.919041042,0.84259241,0,0.448880641,-0.583346167,0.727579572,0.276828836,-1.027875006,0.99503368,0.682477255,0.5732,-1.431297186
ug,pl,19,0.18658229,0.410332085,0,0.632419405,-0.583346167,0.839545554,0.276828836,0.230418476,1.457659563,0.749082798,0.6597,-0.171130405
ug,pt,16,0.629733022,-0.091379441,0,0.632419405,-0.583346167,0.839545554,0.276828836,0.559563782,1.613301672,0.682477255,0.6328,0.264823539
ug,ro,23,-1.432728774,0.917845425,0.001713796,0.632419405,-0.583346167,0.839545554,0.276828836,0.197484693,1.451993007,0.749082798,0.6552,-0.234686342
ug,ru,17,0.525564315,0.067671122,0,0.632419405,-0.583346167,0.839545554,0.276828836,-0.004312206,1.261515188,0.749082798,0.688,-1.684556163
ug,sn,15,0.75477715,-0.343071793,0.005141388,-1.570983707,-0.583346167,-0.50461842,0.276828836,1.406729373,2.109929291,0.682477255,0.6196,0.571887374
ug,so,13,0.812313812,-0.492154851,0.007712082,-0.990919845,-0.583346167,-0.150756278,0.276828836,-0.530141921,1.273256195,0.749082798,0.5983,0.059698357
ug,es,20,-0.032739579,0.550624624,0,0.632419405,-0.583346167,0.839545554,0.276828836,0.734590842,1.559252603,0.714385092,0.6832,0.242477565
ug,sw,19,0.18658229,0.410332085,0.011996572,0.632419405,-0.583346167,0.839545554,0.276828836,-0.053914625,1.264126549,0.682477255,0,1.590962734
ug,sv,12,0.839984763,-0.574332943,0,0.632419405,-0.583346167,0.839545554,0.276828836,0.226598949,1.52083894,0.682477255,0.6153,-0.188563647
ug,ta,16,0.629733022,-0.091379441,0,0.632419405,-0.583346167,0.839545554,0.276828836,-2.588149315,0.647414783,0.682477255,0.6196,-0.412249492
ug,te,21,-0.307412221,0.676120577,0,0.233081326,-0.583346167,0.595933363,0.276828836,-2.722712161,1.04152253,0.749082798,0.5608,-0.645233656
ug,tg,22,-0.919041042,0.84259241,0,0.632419405,-0.583346167,0.839545554,0.276828836,0.289666666,0.880505457,0.682477255,0,-1.867402606
ug,tl,21,-0.307412221,0.676120577,0.002570694,0.632419405,-0.583346167,0.839545554,0.276828836,1.284827153,1.902841293,0.714385092,0.6552,-0.013275671
ug,th,10,1.016241847,-1.399947409,0,0.632419405,-0.583346167,0.839545554,0.276828836,1.386286277,1.983231559,0.716117997,0.6372,-0.365609745
ug,ti,5,1.083868209,-2.066511311,0,-3.121373949,-0.583346167,-1.450418441,0.276828836,-0.845233435,1.236642891,0.682477255,0.6284,-0.057699929
ug,tk,22,-0.919041042,0.84259241,0.007712082,-1.052059778,-0.583346167,-0.18805408,-3.62381493,-1.185113583,-0.594466302,0.610296392,0,-1.207579232
ug,tr,32,-3.191754579,1.011313742,0.002570694,0.632419405,-0.583346167,0.839545554,-2.872656486,-1.631750664,0.725292707,0.749082798,0.6196,-0.358216683
ug,uk,20,-0.032739579,0.550624624,0,0.632419405,-0.583346167,0.839545554,0.276828836,-0.013080486,1.264126549,0.682477255,0.6737,-0.253088363
ug,uz,29,-2.4341834,0.988625249,0.001713796,0.632419405,-0.583346167,0.839545554,0.276828836,-0.053914625,1.264126549,0.682477255,0,1.590962734
ug,vi,12,0.839984763,-0.574332943,0.003427592,0.632419405,-0.583346167,0.839545554,0.276828836,1.162137766,1.908046067,0.717621607,0.6153,-0.383669223
ug,xh,5,1.083868209,-2.066511311,0.001713796,-2.349673015,-0.583346167,-0.979650024,0.276828836,0.781827015,1.821213116,0.682477255,0.6416,0.748686167
ug,yo,17,0.525564315,0.067671122,0.014567266,0.379281215,-0.583346167,0.68512114,0.276828836,1.325130734,2.02862736,0.749082798,0.6832,0.554398887
ug,zu,11,0.968715047,-1.100604307,0.000856898,-1.764244316,-0.583346167,-0.622515117,0.276828836,0.655199149,1.660146735,0.749082798,0.6643,0.660339774
