Source,Target,BLEU,dataset size (sent),Source lang word TTR,Source lang subword TTR,Target lang word TTR,Target lang subword TTR,Source lang vocab size,Source lang subword vocab size,Target lang vocab size,Target lang subword vocab size,Source lang Average Sent. Length,Target lang average sent. length,Source lang word Count,Source lang subword Count,Target lang word Count,Target lang subword Count,geographic,genetic,inventory,syntactic,phonological,featural
vie,bul,7.5,-0.514331353,-1.678033232,0.256344327,0.16266098,0.367651153,-1.549047558,-0.066535452,-0.320285597,-0.21216206,1.651215954,0.531905728,0.000899361,-0.2209278,-0.302661831,-0.349341386,0.4,1,0.552,0.58,0.4407,0.6
vie,dan,8.5,-0.365703162,-1.65382404,0.040826313,0.079466235,0.284908867,-1.276348567,-0.041773831,-0.22268527,-0.130813903,1.768651223,0.4694855,0.161840794,-0.043859741,-0.190461197,-0.26137233,0.4,1,0.6153,0.66,0.5456,0.8
vie,deu,6,0.160321233,-1.475637808,-0.212999422,0.114726594,-0.145298038,-0.648960044,0.325560526,0.346028452,0.005331229,1.180656185,0.056130439,0.459350337,0.258766436,0.154486823,0.11621845,0.4,1,0.4648,0.72,0.4601,0.6
vie,ell,8.8,-0.254018125,-1.877845326,-0.157695386,-0.153613115,-0.25837057,-1.235885481,-0.087401748,-0.000532189,-0.213555371,1.997623084,1.149628818,0.320931099,0.10020405,0.090886499,0.144612048,0.4,1,0.59,0.66,0.4788,0.6
ron,eng,25,2.274371359,-1.958546752,-2.471533481,-2.297753787,-2.311414664,1.917065412,1.702763198,1.539582662,1.763692345,1.550498145,1.399638029,2.395952236,2.425327385,2.355115689,2.315882245,0.1,0.9,0.4997,0.53,0.3498,0.5
rus,eng,18.7,3.426827326,-1.618021479,-3.199752713,-2.664809644,-2.843719887,3.507838147,3.442822186,2.693769543,3.925108087,0.884311074,1.249762268,3.216401998,3.484461988,3.315665316,3.337529598,0.2,0.9,0.5594,0.49,0.2804,0.5
slk,eng,16.9,0.772800827,-0.026725367,-1.0051003,-1.168518052,-0.831375551,1.090685315,0.088161386,0.243119224,0.295680614,0.168986895,0.660610087,0.717094531,0.818182879,0.850381748,0.7387586,0.1,0.9,0.5983,0.57,0.5687,0.6
srp,eng,22.8,1.717285204,-0.517314615,-2.04335069,-1.90232908,-1.606919598,2.224686806,1.023195564,1.093444006,1.766649195,0.906996794,1.25974631,1.737587987,1.898155709,1.833249364,1.76039694,0.1,0.9,0.5983,0.62,0.8632,0.8
swe,eng,31.8,2.10176407,-0.863436741,-2.131559904,-1.721459819,-1.743931371,2.310083404,1.388031988,1.694194639,2.512155565,0.636037525,1.057086874,1.998098638,2.069311541,2.112333422,2.075990238,0.1,0.7,0.5242,0.42,0.5687,0.5
tur,eng,15.9,1.942064413,-0.850405622,-1.925480689,-1.794643215,-1.481869476,2.009845411,1.261014869,1.33646274,2.55181982,0.407171636,0.880142522,1.797329988,1.871247482,1.925645066,1.880086477,0.1,1,0.5183,0.7,0.3433,0.6
vie,eng,20.2,2.906594215,-3.184134851,-2.347862572,-2.417384386,-2.101727155,2.02586704,4.060417053,2.303649011,4.589339685,2.468274091,1.44904816,3.193941821,2.9836109,2.917733918,2.936401977,0.5,1,0.455,0.57,0.427,0.5
ara,fra,12.2,0.665393079,-0.210248343,-0.716254121,-1.350142503,-0.851380973,0.891215894,0.584965679,0.18385296,0.742371069,0.442211588,1.262226007,0.697871128,0.728320958,0.920116565,0.878826115,1,1,0.6025,0.57,0.5456,0.6
bul,fra,14.7,0.269169607,-0.151343881,-0.218284819,-0.929084833,-0.31487736,0.227124664,0.002673859,-0.293975265,-0.051105886,0.007803702,0.475281424,0.23592523,0.173107632,0.362639287,0.234426662,0.1,0.8571,0.4788,0.5,0.3333,0.5
ces,fra,11.4,0.81709532,0.03068025,-0.860978828,-1.099681599,-0.807976467,1.012203006,0.144567388,0.314986672,0.496325046,-0.28482546,0.538384618,0.632536208,0.720073648,0.855737421,0.776101065,0,0.9375,0.4713,0.64,0.5456,0.6
dan,fra,16.7,0.501218033,-0.214580168,-0.445204821,-1.076995125,-0.645568231,0.506897341,0.099120899,-0.033726592,0.163001836,0.06633968,0.673393398,0.453359913,0.379123061,0.617915406,0.55512347,0,0.9375,0.6025,0.49,0.5456,0.7
deu,fra,18.3,2.264297181,-0.918466965,-2.024919116,-1.82638709,-2.088611116,2.453867194,2.133696183,1.842617306,2.231790526,0.576833289,1.118368918,2.123229253,2.192560883,2.270137883,2.270170162,0,0.8571,0.3886,0.46,0.2617,0.4
ell,fra,16.3,0.455065872,-0.442988761,-0.802721252,-1.142111654,-0.716367931,0.505704662,-0.039772913,-0.055435087,0.032268479,0.711846507,0.91249722,0.588275275,0.6227854,0.642620873,0.574660523,0.1,0.8333,0.5849,0.47,0.3862,0.5
eng,fra,32.6,4.030058927,-2.920543837,-2.626577935,-3.115513526,-2.930646885,3.346830989,6.727762981,3.329062009,6.390756583,1.423718994,1.811915852,3.886628718,3.945791077,3.992055587,4.092120033,0,0.9,0.4753,0.46,0.427,0.5
spa,fra,25.6,2.703960756,-2.223241754,-2.398043557,-2.326514779,-2.440668823,2.246192171,3.031098919,2.170995791,3.175967942,1.534574103,1.584551234,2.764790484,2.736862219,2.778423587,2.810846176,0,0.4375,0.5804,0.41,0.4788,0.5
hrv,fra,9.9,-0.113403865,0.550621526,0.115481696,-0.593587298,0.079520482,0.245939088,-0.180268437,-0.497137501,-0.139694381,-0.259902583,0.484124339,-0.168969026,-0.141341134,0.032684708,-0.101656973,0.1,0.9375,0.483,0.79,0.5456,0.6
hun,fra,10.9,0.673984079,0.492021188,-0.65507532,-0.911381801,-0.751464423,1.274392177,0.369092182,0.331124407,0.299966272,-0.215388806,0.622802195,0.527050197,0.619952985,0.754290951,0.676848673,0.1,1,0.3122,0.63,0.2677,0.5
ind,fra,15.1,0.653007512,-0.863953425,-0.466610342,-1.047924924,-0.588464447,0.31114018,0.829463651,0.420126171,1.329076885,0.538632341,1.200551068,0.71325344,0.599218631,0.892642526,0.834435496,0.6,1,0.4688,0.56,0.427,0.5
ita,fra,24.9,2.470345159,-2.0663925,-2.352321066,-2.144534865,-2.337807794,2.074295296,2.715878058,2.085792935,2.853649823,1.531761204,1.732354495,2.5611017,2.613058929,2.615531748,2.639951956,0,0.5625,0.4379,0.55,0.5456,0.5
jpn,fra,6,0.990338265,2.224506174,-1.168906246,-1.373609171,-0.961176639,1.811300113,-0.104987834,0.236715406,0.393094147,-3.75179314,0.397521252,-0.156915808,0.893791336,0.968062803,0.868357283,0.5,1,0.5052,0.71,0.4407,0.6
kor,fra,4.4,-0.057836803,-1.418820968,-0.656553378,-0.420083539,0.295890065,-1.829930763,-2.235900213,-0.462255209,0.274798223,-1.045422118,0.008594657,-0.33366542,-0.103630967,-0.047915048,-0.157201619,0.5,1,0.4804,0.69,0.5804,0.6
mkd,fra,11.5,-0.128596532,-0.030625419,0.085121416,-0.835696682,-0.004853819,-0.08270446,-0.14929837,-0.625298752,-0.151337494,0.282996197,0.75913451,-0.034979504,-0.108751445,0.094016357,-0.038269538,0.1,0.9375,0.5006,0.66,0.5456,0.6
ron,fra,19.3,0.942788002,-0.939720531,-1.227077843,-1.440000748,-1.326794956,0.863539238,0.36788942,0.505099946,0.377524377,1.086160151,1.33257036,1.113407639,1.071287346,1.180160292,1.152738,0.1,0.625,0.4336,0.53,0.3918,0.5
rus,fra,14.5,1.759978113,-0.49826869,-1.889209948,-1.706855484,-1.843496789,2.047983478,1.086387896,1.246869483,1.19914297,0.309444044,1.058757262,1.612668731,1.794023052,1.815868159,1.789329939,0.2,0.9375,0.5152,0.51,0.3333,0.5
slk,fra,8.5,-0.133030075,0.564395983,0.134839787,-0.574507105,0.107040165,0.179605104,-0.28458058,-0.560602012,-0.251361576,-0.384506703,0.354562179,-0.219798667,-0.185648145,-0.019477421,-0.154454049,0.1,0.9375,0.6025,0.57,0.5456,0.6
srp,fra,9.1,-0.018090161,0.649857133,-0.028865957,-0.657325048,0.01222167,0.497216833,-0.158220386,-0.424772091,0.046647303,-0.186838211,0.490060724,-0.066367788,-0.021226117,0.117094897,0.003326468,0.1,0.9375,0.6025,0.59,0.8691,0.8
swe,fra,15.7,0.820961417,-0.151641272,-0.82772626,-0.936976357,-0.904781764,1.006368466,0.290141399,0.579838732,0.516651666,0.088435758,0.79818728,0.73709002,0.734317549,0.929504539,0.858198736,0.1,0.9375,0.4845,0.44,0.5456,0.5
tur,fra,7.7,0.396284701,0.231415951,-0.236004002,-0.816354382,-0.263775636,0.539620578,0.014530358,-0.08660653,0.400259566,-0.497078474,0.313056923,0.209461958,0.190397858,0.429103225,0.31964467,0.1,1,0.4955,0.68,0.2677,0.6
vie,fra,13.2,0.682657108,-2.080497136,-0.766998778,-1.210194754,-0.712518638,-0.233329046,0.908938605,0.310739322,1.055200325,1.818045215,1.201426833,1.085872228,0.858524855,0.918637206,0.856202502,0.5,1,0.5018,0.61,0.5354,0.5
ara,glg,5.6,-0.733522942,0.626534015,0.671099494,-0.157927505,0.698630073,-0.363739775,-0.390990927,-0.88785447,-0.334536756,0.114810193,0.589684445,-0.606035676,-0.638698701,-0.477420528,-0.64474535,1,1,0.6552,0.72,0.0002,0.7
bul,glg,8.4,-0.918124517,0.501739681,0.957602403,0.038808617,0.98447796,-0.747037647,-0.331680368,-1.07866115,-0.360485195,0.070749588,0.297335416,-0.77833202,-0.848428152,-0.717017362,-0.87768541,0.1,0.8571,0.5545,0.61,0.6162,0.6
ces,glg,5,-0.650938522,0.891191445,0.688543423,0.015941612,0.791186809,-0.236132308,-0.31949485,-0.818619474,-0.320194209,-0.427068561,0.108301007,-0.681209969,-0.632581542,-0.536136047,-0.713843096,0.1,0.8571,0.5197,0.55,0.0002,0.5
dan,glg,7.3,-0.893500365,0.51838538,1.060114997,0.056572466,0.992236869,-0.782158886,-0.384437592,-1.039645038,-0.380785721,-0.127904228,0.272096801,-0.810800106,-0.944052841,-0.702465611,-0.889459915,0.1,0.9231,0.6552,0.69,0.0002,0.8
deu,glg,6.8,-0.173795758,0.382609522,0.419301404,-0.108358962,0.44800419,-0.133019658,-0.178196201,-0.484220822,-0.210073014,-0.596942502,-0.354954696,-0.312802971,-0.380669037,-0.247176176,-0.41221137,0.1,0.8571,0.5689,0.66,0.5456,0.6
ell,glg,10.1,-0.777776063,0.259423336,0.495040716,-0.114175166,0.692291693,-0.53685005,-0.405592905,-0.89500091,-0.372072729,0.650456367,0.618694966,-0.499255287,-0.503740334,-0.508002236,-0.650182797,0.1,0.8333,0.5169,0.58,0.5922,0.6
eng,glg,24.3,1.860602387,-1.927751745,-2.014971894,-1.799590009,-2.018433955,1.259849232,1.142657294,1.439698372,1.311586548,1.250199443,1.397189629,1.95512435,1.908983215,1.99500077,1.958751929,0.1,0.9,0.4997,0.67,0.5687,0.6
spa,glg,30.1,2.234752776,-2.240153605,-2.482754506,-1.981726734,-2.432403708,1.731146205,1.555438609,1.842246805,1.503915341,1.853573139,1.552606804,2.4437055,2.39319973,2.36215377,2.339151365,0,0.1538,0.3847,0.62,0.5922,0.5
fra,glg,17.2,0.600467981,-1.146250017,-0.932270384,-0.871859247,-0.76070159,0.251604468,0.239518372,0.382459081,0.195177784,1.184323047,0.893717239,0.842670375,0.80278433,0.763845775,0.654990489,0,0.4375,0.4938,0.64,0.5456,0.6
hrv,glg,5.7,-1.207456611,1.070171586,1.264920996,0.235182694,1.270139956,-0.688516358,-0.385165204,-1.232477302,-0.418765503,-0.108952825,0.429311146,-1.07837485,-1.105975747,-0.932600889,-1.119473468,0.1,0.9231,0.4882,0.77,0.0002,0.6
hun,glg,3.9,-0.737796924,1.146207699,0.789971993,0.051132091,0.845033794,-0.103417034,-0.369188588,-0.878745459,-0.346048375,-0.39282135,0.166875364,-0.747373197,-0.726497945,-0.595717992,-0.763556304,0.1,1,0.5083,0.71,0.5922,0.6
ind,glg,9.9,-0.606814835,-0.220523091,0.59951808,-0.228761061,0.400341698,-0.767176636,-0.169918101,-0.622355048,-0.235214713,0.608114836,0.969027314,-0.362232051,-0.520669999,-0.264541178,-0.381568923,0.6,1,0.4195,0.69,0.5687,0.6
ita,glg,19.3,0.301214968,-0.81620817,-0.652839805,-0.719272968,-0.510900721,0.127172202,0.070043929,0.173467204,0.067469044,1.124885986,1.022466546,0.566615288,0.534987694,0.538769314,0.422205221,0.1,0.4615,0.4345,0.54,0.0002,0.5
jpn,glg,2.3,-0.724272052,2.406968845,0.765045806,0.066435819,1.008102132,-0.530965179,-0.915470685,-1.048416033,-0.390246516,-4.212493125,-0.312807008,-1.771183882,-0.858800065,-0.713966255,-0.904620007,0.5,1,0.5285,0.87,0.6162,0.7
kor,glg,1.5,-1.416430131,-0.798444934,0.43320116,0.550719303,1.711876396,-3.101388929,-3.730577458,-1.518188441,-0.493593072,-1.066982804,-0.270552017,-1.519629525,-1.379974657,-1.30380974,-1.489109938,0.5,1,0.5276,0.83,0.641,0.7
mkd,glg,5.4,-1.146344131,0.562085449,1.107793952,0.013010508,1.107530888,-0.797592064,-0.397555144,-1.211483287,-0.393162091,0.549848492,0.770120827,-0.846681606,-0.985350976,-0.787148884,-0.983945519,0.1,0.9231,0.4828,0.7,0.0002,0.6
ron,glg,10,-0.609381825,0.047122649,0.428521905,-0.223125142,0.511677449,-0.435289677,-0.279617903,-0.706438929,-0.283145284,0.816939363,0.765293484,-0.307846989,-0.416166959,-0.321984639,-0.482820109,0.1,0.3333,0.4485,0.51,0.641,0.5
rus,glg,6,-0.121652639,0.63024819,0.046740511,-0.37368978,0.183391329,0.278720321,-0.249268798,-0.428345194,-0.205898232,-0.330206029,0.191992133,-0.195194289,-0.106258214,-0.053651307,-0.202097123,0.3,0.8,0.5478,0.65,0.6162,0.6
slk,glg,2.7,-1.389960816,1.255704863,1.44198495,0.352852093,1.568541193,-0.840990816,-0.443073904,-1.467074733,-0.439368291,-0.292315832,0.199548489,-1.286615901,-1.261901473,-1.153414293,-1.360839169,0.1,0.9231,0.6552,0.72,0.0002,0.7
srp,glg,3.5,-1.026203432,1.161224777,0.886634953,0.082369741,0.986018882,-0.291169234,-0.438645887,-1.081202007,-0.369897478,0.053082458,0.542294234,-0.877002683,-0.822149833,-0.744522455,-0.881520721,0.1,0.9231,0.6552,0.53,0.8278,0.8
swe,glg,7.1,-0.647732041,0.563022938,0.754526522,-0.050279692,0.715973435,-0.469278782,-0.354720206,-0.793780838,-0.31232793,-0.27117728,0.302106058,-0.636160718,-0.694483884,-0.480827821,-0.652262081,0.1,0.9231,0.551,0.61,0.0002,0.6
tur,glg,3.6,-0.917024119,0.941995265,1.139319488,0.126664551,1.021115322,-0.559033355,-0.387348844,-1.044842397,-0.380785721,-0.451584706,0.181564652,-0.918987271,-1.007404852,-0.747436197,-0.912263923,0.2,1,0.5456,0.73,0.5922,0.6
vie,glg,6.5,-0.557030517,-1.526967531,0.186925778,-0.264247603,0.368284825,-1.372542828,-0.142448955,-0.573563049,-0.233113454,1.875586759,1.003037575,0.024639082,-0.187233363,-0.212075259,-0.355670485,0.5,1,0.5328,0.73,0.5456,0.6
ara,heb,3.5,-0.374545729,0.382622495,0.410107846,0.423282474,0.417099878,-0.205511281,-0.272539153,-0.229095313,-0.300913938,-0.125682286,-0.270826617,-0.359416685,-0.399657286,-0.398773298,-0.413079749,1,1,0.7028,0.54,0.0002,0.7
bul,heb,3.2,-0.565843167,0.316813675,0.639283439,0.608982679,0.73744029,-0.527814788,-0.328092492,-0.468182398,-0.38442181,-0.132890341,-0.632143461,-0.527538107,-0.596076502,-0.662877811,-0.689270141,0.1,1,0.6063,0.56,0.6162,0.6
ces,heb,2.5,-0.300602179,0.604462315,0.487842657,0.508400482,0.513673513,-0.142608684,-0.248565769,-0.264108403,-0.303764348,-0.699499796,-0.777502823,-0.450755701,-0.454369056,-0.471849894,-0.490132573,0.1,1,0.5584,0.62,0.0002,0.6
dan,heb,3.5,-0.613935381,0.291810706,0.805285665,0.607912836,0.782094146,-0.651590419,-0.34030458,-0.503756369,-0.368447975,-0.217542632,-0.560088953,-0.592262834,-0.730554044,-0.685129379,-0.720087321,0.2,1,0.7028,0.63,0.0002,0.7
deu,heb,4.3,0.189788995,-0.017564805,0.109160257,0.269302587,0.076035395,-0.053407551,-0.203830006,0.055390632,-0.253472559,-0.696241559,-1.067030624,-0.023902489,-0.142904762,-0.124299187,-0.130558263,0.1,1,0.4672,0.5,0.5456,0.5
ell,heb,4,-0.593475315,0.188467915,0.420825092,0.584390258,0.678831682,-0.476659719,-0.364842511,-0.426579349,-0.341727589,0.3581693,-0.390911731,-0.41840814,-0.433800209,-0.621506869,-0.631111959,0.1,1,0.6553,0.47,0.5922,0.6
eng,heb,17.3,2.10057748,-2.410489468,-2.116131526,-1.198284457,-2.268139905,1.109160135,1.434688085,1.975937916,1.127330377,1.181708612,0.583249738,2.145005904,2.070109349,1.982889051,2.104673011,0.2,1,0.5549,0.52,0.5687,0.6
spa,heb,8.1,0.588728994,-1.13264462,-0.630077373,-0.078348059,-0.656042454,0.04351903,0.262440758,0.669068816,-0.018473271,0.698669176,-0.127155899,0.700806916,0.570541762,0.476983262,0.51290777,0.2,1,0.6441,0.44,0.5922,0.6
fra,heb,6.8,0.454205379,-1.15781492,-0.564626386,-0.006038358,-0.420446478,-0.206863003,0.086224196,0.45256582,-0.073908263,0.591071749,-0.368365122,0.554784336,0.469833555,0.29474968,0.311446158,0.2,1,0.6082,0.47,0.5456,0.6
hrv,heb,1.5,-0.96832316,0.92556944,1.106831905,0.844772132,1.12463664,-0.606038789,-0.412914168,-0.764404356,-0.420967816,-0.362702723,-0.561908995,-0.939450329,-0.988864446,-0.993488092,-1.005188764,0.1,1,0.5988,0.8,0.0002,0.7
hun,heb,2.1,-0.41620828,0.970320047,0.648746508,0.575373248,0.657976278,-0.034800535,-0.333834658,-0.401916508,-0.348931525,-0.875075255,-0.880838837,-0.598775567,-0.605146366,-0.600284649,-0.616647538,0.1,1,0.6219,0.52,0.5922,0.6
ind,heb,5.1,-0.465200018,-0.392116836,0.698639529,0.503351897,0.434324035,-0.964456564,-0.16234504,-0.241824903,-0.305903505,0.0625345,-0.185915102,-0.387134147,-0.596832085,-0.45451525,-0.428068995,0.4,1,0.4995,0.54,0.5687,0.6
ita,heb,6.2,0.308695531,-0.918984201,-0.4422954,0.067220654,-0.344089537,-0.170141489,0.05053979,0.421509822,-0.068531154,0.621060214,-0.136194028,0.43651994,0.36330965,0.231261834,0.252646455,0.1,1,0.6332,0.49,0.0002,0.6
jpn,heb,1.4,-0.156261457,2.317005759,0.141422652,0.42158204,0.469306223,0.124304576,-0.756445684,-0.276078249,-0.325924985,-4.281351657,-1.078353727,-1.296459615,-0.32212667,-0.427990459,-0.461262862,0.4,1,0.562,0.69,0.6162,0.7
kor,heb,0.9,-0.905776041,-1.214359663,0.209410152,0.903783569,1.259920101,-2.914570548,-3.108808059,-0.854892828,-0.483135997,-1.348768572,-1.106539899,-1.152454128,-1.030276782,-1.086751068,-1.129311304,0.4,1,0.5886,0.66,0.641,0.6
mkd,heb,4,-0.928629314,0.399211255,1.024712945,0.752920576,1.03116051,-0.838107014,-0.309487842,-0.716022289,-0.428317733,0.11309411,-0.373008056,-0.775976723,-0.895246169,-0.907811437,-0.93341965,0.1,1,0.5654,0.65,0.0002,0.6
ron,heb,4,-0.382787042,-0.179803197,0.228020374,0.430758686,0.282525018,-0.406962206,-0.228232134,-0.157600619,-0.300201656,0.655330383,-0.091066601,-0.154833458,-0.24354906,-0.357216369,-0.306613909,0.1,1,0.5456,0.47,0.641,0.5
rus,heb,4.9,0.404526359,0.177289962,-0.405865599,0.016893753,-0.340318749,0.573272263,0.049887992,0.357849476,-0.128085457,-0.325087458,-0.484223689,0.26324976,0.334362333,0.220193708,0.233100714,0.2,1,0.6156,0.43,0.6162,0.6
slk,heb,1,-1.106353454,1.067886548,1.299774172,0.910395732,1.398922427,-0.821097016,-0.501843449,-1.012532189,-0.479408021,-0.742279025,-0.852301621,-1.162255659,-1.165958555,-1.192097097,-1.238038027,0.1,1,0.7028,0.54,0.0002,0.7
srp,heb,1.1,-0.848217658,1.016210775,0.98812134,0.804789475,0.996550074,-0.40710533,-0.393907012,-0.65538621,-0.43494436,-0.47436887,-0.600488421,-0.86539678,-0.889839207,-0.899604782,-0.907932894,0.1,1,0.7028,0.59,0.8278,0.7
swe,heb,3.3,-0.382418377,0.336983579,0.561146745,0.513106331,0.489968365,-0.366054218,-0.307346774,-0.260503441,-0.342447392,-0.381171316,-0.516992536,-0.435521266,-0.528605816,-0.472325343,-0.482175386,0.2,1,0.6144,0.56,0.0002,0.6
tur,heb,1.6,-0.635968621,0.777050397,1.007291582,0.691248706,0.897760714,-0.513805625,-0.349668756,-0.580425161,-0.402652585,-0.8834128,-0.85409185,-0.791927019,-0.892668761,-0.783947275,-0.820939769,0,1,0.5702,0.63,0.5922,0.6
vie,heb,4.6,-0.413070351,-1.738567634,0.173978264,0.443072626,0.360319374,-1.538488854,-0.128785624,-0.170786056,-0.266868356,1.484455122,-0.052278921,0.043647127,-0.173208288,-0.373012469,-0.358771207,0.4,1,0.5125,0.62,0.5456,0.6
ara,hrv,2.2,-1.046445783,0.783978395,1.086080172,0.951213848,0.990581222,-0.715784751,-0.449725243,-0.542698696,-0.407772303,-0.062412942,-0.018420427,-0.925898041,-0.982719742,-0.914065523,-0.895660243,1,1,0.6832,0.87,0.0002,0.8
bul,hrv,6.4,-0.797708135,0.525595294,0.780588397,0.869628178,0.775055292,-0.549951234,-0.349668756,-0.352536403,-0.363378896,0.100041287,-0.185532648,-0.665793068,-0.713657665,-0.743269662,-0.713118829,0,0.4286,0.4403,0.77,0.6162,0.6
ces,hrv,6.5,-0.453851666,0.707403796,0.517182493,0.714598129,0.530952717,-0.168684487,-0.283871245,-0.119314039,-0.218435828,-0.495885083,-0.394382368,-0.528670843,-0.487359156,-0.501152906,-0.480038622,0,0.5714,0.3539,0.74,0.0002,0.5
dan,hrv,4.4,-0.917739262,0.552512803,1.042593936,0.957325287,0.901242001,-0.75325524,-0.383710113,-0.407667933,-0.353982101,-0.056477994,-0.12382854,-0.812490299,-0.930015331,-0.830821391,-0.810148563,0.1,0.875,0.6832,0.74,0.0002,0.9
deu,hrv,5.5,-0.077634379,0.25024638,0.30474702,0.561407344,0.190231414,-0.013310418,0.013214724,0.196559896,-0.163702984,-0.331140715,-0.514784799,-0.157211988,-0.236960112,-0.206953599,-0.195759631,0,0.8571,0.5062,0.79,0.5456,0.6
ell,hrv,5.6,-0.910114898,0.352232956,0.647051446,0.85366108,0.823335,-0.69199798,-0.412914168,-0.424121975,-0.361208422,0.503191991,0.039840144,-0.654134279,-0.625809099,-0.779842429,-0.750639302,0,0.8333,0.4932,0.8,0.5922,0.7
eng,hrv,18.8,1.215196195,-1.533214897,-1.316371604,-0.412604716,-1.460497474,0.6702295,0.745079133,1.534138004,0.607699138,1.055362676,0.650813235,1.341680769,1.246736451,1.23204657,1.322351892,0.1,0.9,0.5093,0.79,0.5687,0.6
spa,hrv,8.7,0.00953477,-0.621502239,-0.088073884,0.470694266,-0.120222072,-0.283131937,-0.074599669,0.463540225,-0.142430854,0.659802597,0.038381243,0.187162612,0.048790736,0.018684707,0.0553094,0.1,0.9231,0.4327,0.8,0.5922,0.6
fra,hrv,6.9,-0.113403865,-0.591111855,0.079499907,0.54854629,0.115499531,-0.495783243,-0.139712509,0.244149099,-0.180250698,0.482823244,-0.258965813,0.032392854,-0.101645604,-0.168698505,-0.141350846,0.1,0.9375,0.483,0.79,0.5456,0.6
hun,hrv,3.6,-0.560307243,1.016772471,0.595843528,0.776340722,0.571499034,0.042620964,-0.294524663,-0.117510566,-0.23731709,-0.331571689,-0.184156878,-0.576594319,-0.552436035,-0.536660767,-0.517309019,0,1,0.4054,0.8,0.5922,0.6
ind,hrv,5.6,-0.817094194,-0.110815714,0.814447814,0.829344358,0.617741411,-1.017702508,-0.267591558,-0.199720397,-0.294508019,0.447364873,0.327667337,-0.588468845,-0.717558791,-0.621029624,-0.569735159,0.5,1,0.3797,0.77,0.5687,0.6
ita,hrv,7,-0.183380746,-0.424990538,0.033021892,0.560058144,0.063926953,-0.36321043,-0.105665787,0.309522423,-0.16852225,0.657422257,0.095314094,0.018944526,-0.055472931,-0.133476548,-0.097363436,0,0.875,0.4263,0.77,0.0002,0.6
jpn,hrv,1.3,-0.790911545,2.406057908,0.838084157,0.899932582,1.135448977,-0.654124971,-0.898862885,-0.640065607,-0.405577326,-4.28904819,-0.95631157,-1.849824129,-0.911852605,-0.946252381,-1.009445114,0.5,1,0.5489,0.89,0.6162,0.7
kor,hrv,0.7,-1.451054792,-1.093399581,0.395711845,1.275982595,1.609752067,-3.339475968,-3.680020747,-1.021135219,-0.489855227,-0.874372794,-0.568921082,-1.497486758,-1.336306363,-1.414749381,-1.407427095,0.4,1,0.5505,0.9,0.641,0.7
mkd,hrv,12.6,-0.691264796,0.188685308,0.554759971,0.630620383,0.50460323,-0.492338681,-0.305206866,-0.214144295,-0.305190324,0.633825719,0.32555947,-0.42861753,-0.522967286,-0.51228975,-0.48336689,0,0.5,0.2983,0.68,0.0002,0.4
ron,hrv,5.7,-0.717299351,0.070962388,0.554217032,0.753994693,0.523537672,-0.572808909,-0.346785108,-0.165034089,-0.348931525,0.784354447,0.255236956,-0.410421855,-0.534106306,-0.553964563,-0.510487448,0,0.8889,0.439,0.77,0.641,0.6
rus,hrv,6.8,-0.101684457,0.619693228,0.054735664,0.556523901,0.121984579,0.303676091,-0.110414714,0.243891692,-0.163702984,-0.31187622,-0.31462602,-0.17287984,-0.073939954,-0.173601913,-0.14186819,0.2,0.4,0.4214,0.79,0.6162,0.6
slk,hrv,5.1,-1.149414978,1.078213022,1.249153945,1.009578457,1.308727263,-0.745623888,-0.457869883,-0.788880564,-0.427582126,-0.447960599,-0.400675592,-1.119867057,-1.113753267,-1.107111545,-1.15239692,0,0.625,0.6832,0.87,0.0002,0.8
srp,hrv,30.4,0.935450243,-0.205221253,-1.279315777,-0.376286467,-1.283873709,1.436794029,0.448854966,1.284965606,0.368513846,0.859729145,0.87643516,1.045645659,1.135061787,1.05016961,1.116338284,0,0.125,0.6832,0.71,0.8278,0.9
swe,hrv,5.5,-0.594313847,0.482289935,0.648864728,0.766856951,0.514570551,-0.380799561,-0.31591801,-0.115268005,-0.266868356,-0.055613495,-0.049041011,-0.531317994,-0.600255014,-0.529585697,-0.480576388,0.1,0.875,0.566,0.75,0.0002,0.6
tur,hrv,2.1,-0.94873439,0.948044785,1.175868927,0.958310016,1.022637607,-0.62456041,-0.332398335,-0.553886419,-0.388061246,-0.518632302,-0.373747468,-0.96470926,-1.020977177,-0.925477602,-0.915490068,0.1,1,0.456,0.8,0.5922,0.6
vie,hrv,4.9,-0.826078607,-1.336733909,0.523120037,0.836789567,0.651477494,-1.621155443,-0.102277186,-0.187517972,-0.289532804,1.731225949,0.369119807,-0.248202865,-0.441525197,-0.617600666,-0.594990905,0.4,1,0.566,0.74,0.5456,0.7
ara,hun,2.7,-0.515842173,0.574887992,0.614284453,1.008478104,0.679758877,-0.32084744,-0.362671263,0.036867328,-0.079966266,-0.36775451,-0.468910793,-0.547780096,-0.585956987,-0.575203382,-0.559021624,1,1,0.6461,0.55,0.5922,0.6
bul,hun,4.7,-0.369447591,0.266891965,0.521118524,0.933101459,0.537785165,-0.351567211,-0.228232134,0.071093621,-0.285273311,-0.234797195,-0.69175119,-0.384570636,-0.474987453,-0.508418254,-0.504028213,0,1,0.4681,0.51,0.2048,0.5
ces,hun,4.9,0.147443027,0.434946642,-0.069330595,0.740737199,-0.016043614,0.334455813,-0.104987834,0.58526089,-0.107681908,-0.632282705,-0.706501384,-0.043345574,0.025536037,-0.063379952,-0.017288395,0,1,0.4169,0.59,0.5922,0.5
dan,hun,4.7,-0.352176108,0.293084478,0.535290935,0.904242051,0.416278409,-0.33659288,-0.289549495,0.133559843,-0.242928899,-0.312014547,-0.535580564,-0.39050261,-0.503237863,-0.451090633,-0.396299524,0.1,1,0.6461,0.6,0.5922,0.7
deu,hun,7.2,0.860926551,-0.193749837,-0.662994844,0.462111036,-0.790409116,0.911514032,0.570706553,1.366836164,0.287095336,-0.172285192,-0.527586219,0.70112047,0.682298843,0.604928309,0.704020818,0,1,0.4504,0.54,0.2677,0.5
ell,hun,5.3,-0.440249551,0.163113043,0.254835062,0.918415673,0.580023084,-0.342521901,-0.345344072,0.075715496,-0.123996314,0.240889403,-0.421638421,-0.317107199,-0.297305115,-0.496723013,-0.49251402,0,1,0.5526,0.52,0.2871,0.5
eng,hun,13.5,1.968159719,-1.740777214,-1.697709113,-0.27125256,-1.926317347,1.45566361,2.117114869,2.607823177,1.709659017,0.960265218,0.476289404,1.969947532,1.929573638,1.83886737,1.996756127,0.1,1,0.4581,0.6,0.3433,0.5
spa,hun,7.7,0.692300205,-0.925777706,-0.663321223,0.459502999,-0.713424136,0.286812335,0.269846594,1.258153881,0.187630498,0.490511865,-0.239340829,0.734338324,0.598852448,0.536555157,0.615557951,0.1,1,0.5253,0.54,0.4097,0.5
fra,hun,7.7,0.673984079,-0.908795003,-0.751548306,0.489925412,-0.654998786,0.33296552,0.299943929,1.271998014,0.369115188,0.621433108,-0.214430202,0.753922655,0.676892556,0.527394457,0.619911481,0.1,1,0.3122,0.63,0.2677,0.5
hrv,hun,4.3,-0.560307243,0.778336137,0.571515939,1.014860633,0.59582477,-0.115933162,-0.237334282,0.040950416,-0.294508019,-0.185130325,-0.330670075,-0.536892308,-0.517315009,-0.576366983,-0.552428579,0,1,0.4054,0.8,0.5922,0.6
ind,hun,5.2,-0.331546852,-0.30065646,0.472257435,0.870693332,0.246383282,-0.671001109,-0.082680368,0.311242282,-0.155455028,0.129817279,-0.106378449,-0.252797453,-0.39591053,-0.316852373,-0.237805625,0.5,1,0.4132,0.6,0.3433,0.5
ita,hun,6.7,0.530306719,-0.766954409,-0.71360533,0.494739465,-0.624278628,0.304108539,0.20645032,1.169617625,0.175019582,0.702552064,-0.007464002,0.651112108,0.620920298,0.458667817,0.541655393,0,1,0.4021,0.53,0.5922,0.5
jpn,hun,2,0.075750196,2.318387524,-0.079479357,0.798254455,0.223685806,0.423386979,-0.656991728,0.331675201,-0.286692632,-4.31849112,-1.204733509,-1.104995635,-0.120026642,-0.260686078,-0.256393006,0.4,1,0.5418,0.57,0.4717,0.5
kor,hun,1.5,-0.752722103,-1.041360353,0.244897299,1.169820102,0.980168037,-2.350574186,-1.873063148,-0.219184594,-0.154768475,-0.88074335,-0.671006582,-0.892619204,-0.714494169,-0.835756393,-0.817051275,0.4,1,0.4278,0.51,0.5319,0.5
mkd,hun,3.7,-0.797633509,0.377534691,0.909093749,1.031094391,0.83607903,-0.685042252,-0.303068115,-0.278965901,-0.361208422,0.103862063,-0.36495599,-0.664692388,-0.802163987,-0.791829955,-0.760702686,0,1,0.4278,0.62,0.5922,0.6
ron,hun,5.9,-0.073320726,-0.256790385,-0.143593699,0.722141036,-0.09788446,0.01274415,-0.157533362,0.641942837,0.017179946,0.827790992,0.176476896,0.160735279,0.069557218,-0.015868924,0.082074427,0,1,0.3944,0.53,0.2952,0.4
rus,hun,5.6,0.55853458,0.304716894,-0.636850969,0.55463445,-0.499045869,0.856864814,-0.066535452,1.051815328,0.097853526,-0.425216648,-0.50886149,0.36988013,0.484363872,0.34730744,0.421297001,0.2,1,0.4706,0.49,0.2048,0.5
slk,hun,3.7,-0.606878412,0.856442969,0.644563524,1.050519548,0.798743521,-0.231723872,-0.369913399,-0.101015191,-0.189243046,-0.481644073,-0.596548422,-0.657733988,-0.611881056,-0.688879615,-0.683379427,0,1,0.6461,0.55,0.5922,0.6
srp,hun,2.7,-0.667034838,1.009972989,0.67434556,1.103988977,0.763958483,-0.090444874,-0.369188588,-0.036244013,-0.158889586,-0.290274811,-0.36712377,-0.658105331,-0.635196121,-0.678963131,-0.647466865,0,1,0.6461,0.69,0.8564,0.8
swe,hun,5.4,-0.061008649,0.290881915,0.110397685,0.804015622,0.095645891,0.088531514,-0.179577571,0.538880747,0.02112164,-0.231937074,-0.287075498,-0.115875037,-0.137134449,-0.130799422,-0.069651156,0.1,1,0.4904,0.63,0.5922,0.6
tur,hun,3.4,-0.251829663,0.595153103,0.505054448,0.907233575,0.338864087,-0.049815615,-0.13492828,0.263187407,-0.234514169,-0.615317996,-0.556069461,-0.385567598,-0.436344172,-0.369469834,-0.33282794,0.1,1,0.443,0.46,0,0.4
vie,hun,4.7,-0.273480826,-1.502916916,0.06327655,0.836982313,0.15381225,-1.11921737,0.097189074,0.396220654,-0.136276452,1.51514353,-0.016901347,0.173219165,-0.022925338,-0.242159983,-0.159370949,0.4,1,0.5278,0.68,0.4788,0.6
ara,ind,9.2,-0.035250761,0.105248454,-0.263840624,-0.736651636,0.015143455,0.354846482,-0.152041462,-0.403755298,0.063573311,0.723816567,0.768799217,0.165615386,0.166035446,0.177727358,0.005728115,1,1,0.669,0.62,0.5687,0.6
bul,ind,10.3,-0.516274188,0.226018812,0.351986831,-0.364409132,0.609641088,-0.269146126,-0.265473055,-0.917888932,-0.247142989,0.520640431,0.274469937,-0.307300835,-0.351797425,-0.374116723,-0.550161659,0.5,1,0.4918,0.52,0.2804,0.5
ces,ind,7.8,-0.206247136,0.50987582,0.13156936,-0.413605741,0.324221337,0.168984184,-0.179577571,-0.605144515,-0.073235725,-0.055649472,0.130920056,-0.19424027,-0.153852188,-0.143691656,-0.276397252,0.5,1,0.4724,0.72,0.5687,0.6
dan,ind,10.8,-0.453646668,0.207875622,0.489945395,-0.339653062,0.527942326,-0.313349409,-0.175434908,-0.796090956,-0.137643269,0.254913861,0.308608328,-0.324942176,-0.435683247,-0.310458871,-0.455184809,0.6,1,0.669,0.61,0.5687,0.8
deu,ind,8.6,0.169941755,0.1157932,-0.043593186,-0.399712559,0.156559254,0.280635127,0.117746707,-0.231054063,0.24388705,-0.132702252,-0.217335999,0.111639812,0.067181424,0.088732877,-0.055777923,0.6,1,0.4906,0.64,0.3277,0.5
ell,ind,13.1,-0.289331975,-0.142184812,-0.150979144,-0.593675312,0.307781577,-0.088600216,-0.180959424,-0.702879166,-0.128767392,1.02844283,0.559838235,0.027499939,0.06887146,-0.099629356,-0.278864532,0.5,1,0.5419,0.61,0.3433,0.6
eng,ind,28.8,2.844460928,-2.418050035,-2.116102417,-2.222141656,-2.033225393,2.240121248,4.393665252,2.288396749,4.291832624,1.496863935,1.18415471,2.876609864,2.893321726,2.791969003,2.799542201,0.6,1,0.4546,0.52,0.2736,0.5
spa,ind,16.1,0.894203892,-1.213870431,-0.908245427,-1.011484849,-0.694551436,0.616616645,1.065267749,0.537634236,1.085916222,1.25695785,0.626492334,1.117511192,1.013550409,0.94660143,0.850559836,0.6,1,0.4627,0.57,0.4477,0.5
fra,ind,15,0.653007512,-1.04529028,-0.588535913,-0.866524505,-0.466548164,0.4220196,1.329044677,0.309311888,0.82949107,1.198898719,0.539960812,0.892259575,0.83448596,0.713617427,0.599177992,0.6,1,0.4688,0.56,0.427,0.5
hrv,ind,8.2,-0.817094194,0.8313212,0.617761839,-0.1131228,0.814412403,-0.198191316,-0.294524663,-1.01875016,-0.267574656,0.326442951,0.448648575,-0.621252229,-0.569743339,-0.588242768,-0.717544438,0.5,1,0.3797,0.77,0.5687,0.6
hun,ind,6.6,-0.331546852,0.872655686,0.246375418,-0.303030091,0.472248092,0.313071709,-0.155473005,-0.672252434,-0.082661694,-0.107390029,0.130945216,-0.317107199,-0.237799942,-0.252535813,-0.39590961,0.5,1,0.4132,0.6,0.3433,0.5
ita,ind,14,0.537406383,-0.933014255,-0.711740623,-0.847835994,-0.447754969,0.358301487,0.757089165,0.233945271,0.801562278,1.172171509,0.690652782,0.784598574,0.772644517,0.654030551,0.576568012,0.6,1,0.4312,0.52,0.5687,0.5
jpn,ind,3.5,-0.22566161,2.310584129,0.006354177,-0.393058319,0.525377367,0.261752156,-0.604339813,-0.789079913,-0.197561868,-3.718982129,-0.288529282,-1.204277741,-0.173154556,-0.274231526,-0.469828845,0.3,1,0.4599,0.76,0.5032,0.6
kor,ind,3.1,-0.846117264,-1.009809478,0.077074946,0.059947447,0.941347072,-2.229749073,-1.901792647,-1.044587441,-0.331664081,-0.3641147,0.101079612,-0.833681082,-0.589970016,-0.707649723,-0.835608808,0.3,1,0.4569,0.7,0.4638,0.6
mkd,ind,8.9,-0.611252208,0.087086721,0.436659689,-0.497967514,0.552341458,-0.386201605,-0.272539153,-0.99317739,-0.201727853,0.851774448,0.69287372,-0.300027456,-0.420623355,-0.343235807,-0.492280154,0.5,1,0.3444,0.58,0.5687,0.5
ron,ind,11,0.011352166,-0.448389473,-0.388000469,-0.703976675,-0.047847131,0.123954767,-0.007233792,-0.329152239,0.059023433,1.240039498,0.72491263,0.346050445,0.304363327,0.206318872,0.054203148,0.5,1,0.3931,0.57,0.3498,0.5
rus,ind,9.5,0.368000641,0.244994659,-0.498839131,-0.759760791,-0.243530862,0.810514471,0.369092182,-0.075195089,0.233944213,0.206188912,0.306793384,0.375557719,0.496584575,0.402834692,0.257389039,0.4,1,0.503,0.61,0.2804,0.5
slk,ind,4.9,-1.074327268,1.012622813,1.016076129,0.036609348,1.209311304,-0.537657025,-0.399745641,-1.297528516,-0.335255251,-0.051651127,0.283285701,-0.947199157,-0.913537481,-0.856522154,-1.048207119,0.5,1,0.669,0.62,0.5687,0.6
srp,ind,6.1,-0.608744865,0.821361662,0.38454037,-0.279404694,0.657533878,0.105044934,-0.276784882,-0.874745371,-0.204507617,0.399817037,0.487030002,-0.42038057,-0.380649732,-0.396842865,-0.576119188,0.5,1,0.669,0.66,0.8632,0.8
swe,ind,11.6,-0.198340487,0.301899717,0.127619343,-0.337240555,0.282210242,0.093897592,-0.135611387,-0.440162445,-0.023118615,0.19665312,0.329889047,-0.118970036,-0.138501041,-0.082900809,-0.229280314,0.5,1,0.5303,0.55,0.5687,0.6
tur,ind,6.7,-0.198596178,0.4598459,0.245010731,-0.381962264,0.291330572,0.156902105,-0.059157675,-0.488590038,-0.03642118,0.000806062,0.313746776,-0.172288624,-0.209925863,-0.087497616,-0.240183025,0.5,1,0.484,0.8,0.3433,0.6
vie,ind,14.7,0.536278796,-1.982178487,-0.807681488,-0.971619313,-0.557254932,-0.165244778,0.85134595,0.241706842,0.680057536,2.233065477,0.983952153,1.071240194,0.874625837,0.7325374,0.629232332,0.1,1,0.5107,0.36,0.3277,0.4
ara,ita,9.9,0.334133753,-0.045526161,-0.579050872,-0.97271734,-0.660237343,0.664547903,0.029628768,0.086970652,0.271717959,0.605110854,1.267003678,0.454292352,0.465477762,0.633638146,0.596952037,1,1,0.6737,0.61,0.0002,0.7
bul,ita,12.2,0.106636433,-0.085501124,-0.103996153,-0.667084997,-0.272721565,0.159299618,0.042058022,-0.230951586,-0.06785953,0.223445622,0.571755555,0.153206693,0.093819457,0.247587922,0.196477241,0.1,0.8571,0.5052,0.42,0.6162,0.5
ces,ita,9.6,0.647431628,0.089724369,-0.7729053,-0.88318029,-0.816013225,0.970034284,0.141383974,0.334011719,0.251947234,0.029400333,0.652970474,0.570351139,0.649642681,0.739400016,0.714460957,0,0.8571,0.4371,0.55,0.0002,0.5
dan,ita,13.4,0.255286369,-0.128565179,-0.241211341,-0.771263039,-0.423738802,0.334248158,0.060953971,-0.058285856,0.130561873,0.256407708,0.733450811,0.291265322,0.207425518,0.420544487,0.370929939,0.1,0.9,0.6737,0.6,0.0002,0.7
deu,ita,13.5,1.695327787,-0.700171109,-1.668641563,-1.403412615,-1.721570509,1.889275769,1.263413389,1.364258753,1.302099996,0.582609112,0.879707904,1.630569663,1.669107523,1.711181046,1.721693108,0,0.8571,0.4819,0.52,0.5456,0.5
ell,ita,15.3,0.289570865,-0.343305444,-0.690620628,-0.86776646,-0.581669797,0.434216504,-0.095508684,-0.032854352,-0.017147032,0.854143376,0.895401989,0.483099269,0.518761058,0.494218309,0.454548007,0,0.8333,0.5103,0.49,0.5922,0.5
eng,ita,29.5,3.720185381,-2.91177623,-2.884485604,-2.924202666,-2.97171405,3.006096103,5.139124447,3.068501668,5.294439851,1.589312014,1.767426955,3.662356642,3.70745713,3.710803903,3.819551511,0.1,0.9,0.5064,0.51,0.5687,0.5
spa,ita,23.8,2.347187098,-2.086200543,-2.257196421,-2.016052148,-2.308926643,1.959837521,2.446886121,1.958104953,2.455097109,1.698330919,1.542458211,2.499281614,2.46310797,2.457077911,2.506267692,0.1,0.4615,0.5037,0.47,0.5922,0.5
fra,ita,24.6,2.470345159,-2.141515966,-2.338012532,-2.069385066,-2.352115238,2.08866545,2.853602999,2.071431224,2.715923561,1.730441411,1.53357683,2.614966287,2.640077825,2.561661455,2.612934189,0,0.5625,0.4379,0.55,0.5456,0.5
hrv,ita,10.4,-0.183380746,0.562129346,0.063905189,-0.427407751,0.033046008,0.311350838,-0.168540102,-0.364642569,-0.105647333,0.094203626,0.658808997,-0.1337508,-0.097351888,0.019234955,-0.055486228,0,0.875,0.4263,0.77,0.0002,0.6
hun,ita,8.2,0.530306719,0.496833554,-0.624352822,-0.769491489,-0.713524337,1.171951608,0.174998437,0.302284377,0.206471767,-0.008524079,0.703960942,0.458330837,0.541693629,0.651469512,0.620878753,0,1,0.4021,0.53,0.5922,0.5
ind,ita,12.7,0.537406383,-0.845271462,-0.447815714,-0.935609543,-0.711659772,0.235729262,0.801535127,0.356445489,0.75711589,0.689250429,1.173810747,0.653672877,0.576607706,0.784970119,0.772596635,0.6,1,0.4312,0.52,0.5687,0.5
jpn,ita,4.6,0.773113532,2.180886729,-1.025337775,-1.01708991,-0.83453168,1.57904077,-0.216360859,0.217339822,0.120329532,-3.511019176,0.26656827,-0.280327629,0.749439929,0.743865004,0.692467847,0.5,1,0.5633,0.75,0.6162,0.7
kor,ita,3.2,-0.129419468,-1.314738167,-0.45468227,-0.21820432,0.102915519,-1.728507877,-1.674572226,-0.321721579,-0.182324041,-0.803614865,0.129277886,-0.330287626,-0.106863432,-0.077394594,-0.131990629,0.4,1,0.5861,0.69,0.641,0.7
mkd,ita,11.1,-0.295076076,0.055099362,0.179522685,-0.55424093,0.054755114,-0.14835065,-0.205915725,-0.548914893,-0.143115268,0.47288565,0.857339652,-0.12810779,-0.199045159,-0.0239942,-0.083052578,0,0.9,0.4473,0.56,0.0002,0.5
ron,ita,15.5,0.652286183,-0.776931338,-0.899709145,-1.06386507,-0.96709357,0.619636584,0.310942801,0.399383077,0.366709273,1.081838909,1.188551312,0.859896686,0.79694451,0.888763863,0.865689293,0,0.3333,0.3812,0.42,0.641,0.4
rus,ita,11.7,1.403602286,-0.320002669,-1.594790969,-1.391535802,-1.559996737,1.77306864,0.842287495,1.016899393,0.896357545,0.408727077,0.964199743,1.330025815,1.493629012,1.480649803,1.481227281,0.2,0.8,0.4693,0.56,0.6162,0.5
slk,ita,6.9,-0.298686394,0.645620145,0.276010049,-0.335510294,0.235358678,0.104722152,-0.239437756,-0.550117281,-0.165079318,-0.209297624,0.386731167,-0.316191899,-0.284560618,-0.154669135,-0.23177749,0,0.9,0.6737,0.61,0.0002,0.7
srp,ita,8.2,-0.137837483,0.654302754,-0.028190862,-0.460258868,-0.042440168,0.44546242,-0.165097203,-0.325643189,-0.131496309,0.064356435,0.67739154,-0.102282359,-0.023672432,0.063835532,-0.003069442,0,0.9,0.6737,0.61,0.8278,0.8
swe,ita,13.3,0.592195486,-0.082777997,-0.650623379,-0.78644343,-0.781867985,0.838951798,0.217712024,0.413421691,0.328621711,0.273494877,0.806558514,0.588548173,0.574321198,0.733038561,0.708828989,0.1,0.9,0.5422,0.51,0.0002,0.5
tur,ita,6.4,0.221149357,0.304374616,-0.107363426,-0.605780795,-0.335161618,0.472011897,0.060303887,-0.066463823,0.023091014,-0.256138221,0.46082566,0.122655444,0.101554644,0.317005279,0.271085943,0.1,1,0.5168,0.67,0.5922,0.6
vie,ita,10.7,0.510833129,-1.953845754,-0.662049754,-0.9348034,-0.758032818,-0.282747685,0.860383697,0.325515445,0.516072353,1.97386596,1.18379894,0.978865155,0.762145446,0.764592151,0.742156562,0.4,1,0.5227,0.61,0.5456,0.6
ara,jpn,4.2,-0.141574109,0.360963719,0.277123782,2.369372216,0.044055349,-0.096947391,-0.342463576,0.26153795,-0.57902476,-0.567209548,-4.117548817,-0.276753228,-0.314103504,-1.238876712,-0.19587431,1,1,0.6597,0.59,0.6162,0.6
bul,jpn,4,-0.326444889,0.294001152,0.569434649,2.381132699,0.336445992,-0.420486203,-0.276076944,-0.079712642,-0.738091341,-0.595409812,-4.360826588,-0.444983484,-0.5264504,-1.46540872,-0.47101461,0.4,1,0.5282,0.75,0.4327,0.6
ces,jpn,4.1,0.144311575,0.426696375,0.112032183,2.319993986,-0.121048024,0.157718467,-0.17612505,0.553960576,-0.553124929,-1.023287972,-4.231557832,-0.152071873,-0.137464546,-1.021418047,-0.058294257,0.4,1,0.5773,0.72,0.6162,0.7
dan,jpn,4.7,-0.243428153,0.040245863,0.566550137,2.360034426,0.173293716,-0.491192131,-0.196191768,0.113936771,-0.763634051,-0.473062217,-4.120988681,-0.339702523,-0.501947361,-1.32829208,-0.349286663,0.4,1,0.6597,0.69,0.6162,0.8
deu,jpn,6.4,1.00518452,-0.34322707,-0.759467045,2.236254687,-1.089337745,0.79333801,0.204570247,1.720726842,-0.0725633,-0.587206274,-4.03775201,0.713937593,0.656610907,-0.221033451,0.840013525,0.5,1,0.5258,0.6,0.4407,0.5
ell,jpn,5.5,-0.354214254,0.119698678,0.292022675,2.349448999,0.346797075,-0.412481672,-0.366290672,0.001907822,-0.746055725,-0.10554224,-4.008615381,-0.336295891,-0.332497165,-1.394080679,-0.481404098,0.4,1,0.5329,0.71,0.4717,0.6
eng,jpn,10.2,2.630675756,-2.439402155,-2.097135383,2.039772735,-3.031452816,1.680657935,2.994746232,4.183977677,0.834304933,0.901895361,-2.970088531,2.529605932,2.489142909,1.480416272,2.625906474,0.5,1,0.5472,0.66,0.5032,0.6
spa,jpn,7.9,1.014525817,-1.22168538,-0.986073335,2.180622696,-1.125991365,0.365711805,0.245106332,1.845183764,-0.047763661,0.293577691,-3.650327881,0.960842847,0.846823287,-0.107923481,0.875856539,0.5,1,0.5914,0.76,0.5641,0.7
fra,jpn,7.3,0.990338265,-1.370860406,-0.9612765,2.223017678,-1.168790569,0.238501026,0.393070912,1.808590539,-0.104969374,0.396262617,-3.752569232,0.967671862,0.868409163,-0.15664401,0.893738396,0.5,1,0.5052,0.71,0.4407,0.6
hrv,jpn,1.8,-0.790911545,0.901884691,1.135508846,2.404633051,0.838046946,-0.638795363,-0.405592905,-0.65538621,-0.898852035,-0.956906441,-4.29008782,-0.946440534,-1.009471657,-1.849731684,-0.911830139,0.5,1,0.5489,0.89,0.6162,0.7
hun,jpn,4.4,0.075750196,0.800242192,0.223676213,2.316931936,-0.079446671,0.333516638,-0.28670935,0.421492747,-0.656978559,-1.205206582,-4.319545192,-0.260946855,-0.256388099,-1.10482428,-0.120037244,0.4,1,0.5418,0.57,0.4717,0.5
ind,jpn,5.8,-0.22566161,-0.390653142,0.525390759,2.309125806,0.006380325,-0.78789726,-0.197579442,0.259952878,-0.60432614,-0.289451557,-3.719742127,-0.274490868,-0.469832852,-1.204116904,-0.173162939,0.3,1,0.4599,0.76,0.5032,0.6
ita,jpn,7.3,0.773113532,-1.014466071,-0.834621891,2.179382943,-1.025233035,0.219114053,0.120308911,1.576467639,-0.216343466,0.265373839,-3.511677162,0.743497812,0.692512382,-0.280068906,0.749393017,0.5,1,0.5633,0.75,0.6162,0.7
kor,jpn,9.2,1.029949738,-2.299100955,-1.842281272,2.246428577,-1.516624059,-0.814132903,-1.108153639,2.115287115,-0.009198926,-0.193005373,-3.202762274,0.842322067,1.146409882,0.026769424,1.1950503,0,1,0.5204,0.4,0.6875,0.5
mkd,jpn,3.5,-0.794404216,0.3680936,1.021980238,2.418422307,0.678653532,-0.832149816,-0.402668192,-0.581046101,-1.014893032,-0.234649432,-4.132629265,-0.753661844,-0.919012631,-1.81009336,-0.818247192,0.5,1,0.5839,0.81,0.6162,0.7
ron,jpn,4.3,-0.195306467,-0.264040337,0.256947253,2.358811305,0.048844609,-0.49619164,-0.258419563,0.235920319,-0.645303625,0.027622334,-3.982979911,-0.16216086,-0.274789154,-1.249086126,-0.218095079,0.4,1,0.4629,0.77,0.5,0.6
rus,jpn,6.1,0.884337949,0.061785801,-0.752512504,2.151935943,-0.982014208,0.963482805,0.29075477,1.5550561,-0.174727094,-0.683958859,-3.858893592,0.58273551,0.675097339,-0.277543846,0.726842817,0.3,1,0.5412,0.66,0.4327,0.6
slk,jpn,2.2,-0.771359576,0.930137692,1.097544486,2.449596974,0.871980531,-0.663631682,-0.440121342,-0.697682666,-0.922122762,-1.140352209,-4.551706557,-0.9791914,-0.98910032,-1.903647116,-0.945099918,0.4,1,0.6597,0.59,0.6162,0.6
srp,jpn,1.2,-0.704763012,1.085781596,1.000187558,2.363257065,0.806840754,-0.381109371,-0.412914168,-0.599641665,-0.932973765,-1.024781761,-4.343233093,-0.890010905,-0.904655125,-1.789295097,-0.89668075,0.4,1,0.6597,0.76,0.8485,0.8
swe,jpn,4.8,0.041646595,0.243641901,0.265807929,2.276795652,-0.115737896,-0.085081261,-0.261944736,0.466315755,-0.530412196,-0.869039084,-4.015862067,-0.19943132,-0.282766548,-1.052150435,-0.0561687,0.4,1,0.5805,0.7,0.6162,0.7
tur,jpn,4.3,-0.124546899,0.639702867,0.503222171,2.303995127,0.182672214,-0.062936825,-0.298794081,0.164266716,-0.602788105,-1.15185579,-4.259780642,-0.420467444,-0.480487475,-1.262630683,-0.31194479,0.4,1,0.5199,0.47,0.4717,0.5
vie,jpn,5.6,-0.250524799,-1.732648281,0.195269779,2.315080347,-0.011998701,-1.472217302,-0.009880031,0.258526865,-0.719042027,1.107851854,-3.656476409,0.082737865,-0.156939194,-1.208570672,-0.190564031,0.2,1,0.5065,0.83,0.5295,0.6
ara,kor,5.3,-0.773283332,0.816277313,1.090698546,-1.178287839,0.00462933,-0.486493781,0.085578255,-2.49317667,-2.590693995,-0.464644122,-0.857813017,-0.797669871,-0.837436437,-0.90424444,-0.724391583,1,1,0.6737,0.57,0.641,0.6
bul,kor,5.4,-1.06414115,0.717011563,1.274617236,-1.124099,0.453535409,-0.90531002,-0.417313442,-2.911652247,-2.460648761,-0.308427603,-1.037652397,-1.007966343,-1.122576327,-1.205657723,-1.042693588,0.4,1,0.5671,0.67,0.5,0.6
ces,kor,5.5,-0.676434063,0.907080551,0.875832752,-1.275683631,-0.10038862,-0.438453584,-0.390262242,-2.545528591,-2.719905456,-0.859981622,-1.079114642,-0.820724155,-0.800159003,-0.880083537,-0.67741053,0.4,1,0.6216,0.71,0.641,0.7
dan,kor,6,-1.104131311,0.659029644,1.423365572,-1.186765603,0.305626503,-1.096804,-0.458611138,-2.946833939,-2.882116978,-0.50736599,-0.855654694,-1.096637692,-1.251521808,-1.191075376,-1.043149873,0.4,1,0.6737,0.63,0.641,0.8
deu,kor,6.6,-0.152796943,0.388169409,0.397867152,-1.28402344,-0.453997342,-0.143021616,-0.281744002,-1.884955315,-2.079814461,-0.700122852,-1.171200678,-0.322536141,-0.392552634,-0.450142996,-0.220107172,0.4,1,0.5227,0.56,0.4934,0.5
ell,kor,6.1,-1.149448401,0.611577225,1.041690547,-1.16158991,-0.044037907,-0.947506188,-0.491364697,-2.933507469,-3.928832793,0.095846398,-0.733922776,-0.972463489,-0.959253239,-1.19745316,-1.058234032,0.4,1,0.6454,0.66,0.5319,0.6
eng,kor,18.6,1.415011696,-1.38189273,-1.088163068,-1.827687905,-1.930293906,0.865902827,1.736093649,0.138229892,-0.217040797,0.547619981,-0.202515216,1.377591935,1.342252975,1.174372609,1.463884673,0.4,1,0.4866,0.62,0.4638,0.5
spa,kor,9.9,0.175393516,-0.477947804,0.022211197,-1.276199857,-0.672413048,-0.234357199,-0.060498066,-1.325087999,-1.403754045,-0.0704798,-0.911268172,0.133244644,-0.034370116,-0.094592061,0.140447134,0.5,1,0.5505,0.68,0.5319,0.6
fra,kor,8.7,-0.057836803,-0.417668892,0.295885973,-1.421586544,-0.656476731,-0.460880447,0.274776122,-1.830501264,-2.235902181,0.007526707,-1.044870666,-0.048198364,-0.157192569,-0.333412348,-0.103642253,0.5,1,0.4804,0.69,0.5804,0.6
hrv,kor,4,-1.451054792,1.277802935,1.60984807,-1.096051088,0.395708332,-1.020088969,-0.489869998,-3.339159675,-3.680036559,-0.569705885,-0.873737438,-1.414887905,-1.40747026,-1.497356985,-1.336266171,0.4,1,0.5505,0.9,0.641,0.7
hun,kor,6.2,-0.752722103,1.171677642,0.980216076,-1.04399362,0.244905276,-0.217666955,-0.154786458,-2.350838831,-1.873061637,-0.671741334,-0.880111119,-0.83595625,-0.817069783,-0.892425349,-0.714479945,0.4,1,0.4278,0.51,0.5319,0.5
ind,kor,9.1,-0.846117264,0.062193889,0.941392154,-1.012431685,0.077095707,-1.043554976,-0.331680368,-2.230084697,-1.901791412,0.099966318,-0.363229049,-0.707863152,-0.835628092,-0.833480983,-0.589960992,0.3,1,0.4569,0.7,0.4638,0.6
ita,kor,9,-0.129419468,-0.215860413,0.102896725,-1.317467259,-0.454621001,-0.320264211,-0.18234176,-1.72913796,-1.674568812,0.128150766,-0.802944801,-0.077674787,-0.131980526,-0.330034195,-0.106874584,0.4,1,0.5861,0.69,0.641,0.7
jpn,kor,16.9,1.029949738,2.247908869,-1.516766235,-2.302175091,-1.842114298,2.118176966,-0.009218305,-0.815300143,-1.108144796,-3.202255744,-0.192035789,0.026478197,1.195115825,0.842699728,1.146346391,0,1,0.5204,0.4,0.6875,0.5
mkd,kor,4.7,-1.486228387,0.829508564,1.687545968,-1.24462868,0.088667089,-1.266722968,-0.483896843,-3.511225576,-4.759215347,-0.059623224,-0.843871516,-1.307151315,-1.467160837,-1.519819263,-1.394039178,0.4,1,0.5861,0.75,0.641,0.7
ron,kor,6.4,-0.818359076,0.205070638,0.897764106,-1.294214185,-0.301507142,-0.846247369,-0.383710113,-2.59729733,-3.452292551,0.16586916,-0.706458129,-0.665884427,-0.815653697,-0.902384506,-0.722347811,0.4,1,0.5696,0.67,0.5702,0.6
rus,kor,7.7,-0.046635877,0.699108417,0.19237851,-1.386713525,-0.640405782,0.278785743,-0.039106165,-1.744691187,-1.931807426,-0.721281242,-0.95348672,-0.23605745,-0.162787353,-0.298916065,-0.031733014,0.2,1,0.6511,0.56,0.5,0.6
slk,kor,3.9,-1.541272098,1.354598726,1.722561368,-1.050824638,0.663711446,-1.11863818,-0.540252652,-3.405000457,-3.363199802,-0.682619864,-0.839955567,-1.523865951,-1.510489063,-1.56657585,-1.459751525,0.4,1,0.6737,0.57,0.641,0.6
srp,kor,2.9,-1.368839222,1.424573372,1.510092661,-1.027067487,0.335734866,-0.747992638,-0.52439188,-3.12411878,-3.559649,-0.509459731,-0.777954557,-1.327139308,-1.33830518,-1.399976371,-1.255415787,0.4,1,0.6737,0.75,0.8391,0.8
swe,kor,6.2,-0.705798844,0.69005331,0.880513557,-1.261282342,-0.101431079,-0.520103872,-0.438645887,-2.46153868,-2.569141971,-0.483995992,-0.817155102,-0.744297154,-0.81731621,-0.834600378,-0.634644658,0.4,1,0.5026,0.68,0.641,0.6
tur,kor,7,-0.807198722,0.949143355,1.078053702,-0.907252675,0.056240664,-0.521578554,-0.380801538,-2.283764083,-2.542680073,-0.730302953,-0.845906181,-0.899153187,-0.957206129,-0.930480737,-0.751789155,0.4,1,0.5168,0.55,0.5319,0.5
vie,kor,9.3,-0.763236227,-1.12771439,0.434801173,-0.880717943,-0.260548797,-1.474021797,-0.269711198,-1.956190905,-2.709411704,1.420812447,-0.267331921,-0.277772734,-0.418369036,-0.735491299,-0.548019897,0.1,1,0.4819,0.75,0.4934,0.6
bul,mkd,16.2,-0.099606258,-0.074754021,-0.157461235,-0.14691177,-0.037835234,0.064912933,-0.227532836,-0.013862141,-0.205202863,0.636862784,0.608326092,0.086139875,0.06103242,0.078330673,-0.027211054,0,0.1429,0.4367,0.49,0.6162,0.5
ces,mkd,5,-0.700124346,0.791003661,0.741909474,0.363706942,0.819407775,-0.386894038,-0.348947647,-0.6195472,-0.247142989,-0.407474672,-0.023536494,-0.718622251,-0.682915095,-0.614593983,-0.715804929,0.1,0.5714,0.315,0.72,0.0002,0.5
dan,mkd,6.2,-1.016658192,0.45409702,1.155070421,0.437421996,1.119763859,-0.934879759,-0.409984036,-0.890574099,-0.264044413,0.045388193,0.186177085,-0.870797382,-1.0261397,-0.832740786,-0.957684559,0.1,0.8571,0.6737,0.64,0.0002,0.8
deu,mkd,5.6,-0.437727851,0.314815183,0.706509685,0.277196249,0.713992711,-0.507547169,-0.242244132,-0.564380073,-0.24925172,-0.490925502,-0.544113138,-0.513320566,-0.625275798,-0.527723951,-0.633150071,0.1,0.8571,0.5026,0.65,0.5456,0.6
ell,mkd,10.2,-0.678075331,0.091724193,0.279258618,0.149511638,0.558274418,-0.475270412,-0.36846391,-0.535499924,-0.311613589,0.844494089,0.574697877,-0.360046006,-0.323022943,-0.433313287,-0.527535565,0,0.8333,0.4852,0.65,0.5922,0.6
eng,mkd,21.8,1.716761205,-2.157657054,-1.982930312,-1.280508758,-1.993828566,0.927723791,0.839619289,1.686309068,0.962629392,1.427202818,1.306205217,1.878166917,1.799372217,1.845384878,1.842241619,0.1,0.9,0.5064,0.57,0.5687,0.6
spa,mkd,11.9,-0.010757416,-0.855291482,-0.112020482,-0.099487132,-0.074424415,-0.425603438,-0.135611387,0.093275739,-0.130813903,0.899215533,0.473932654,0.234443872,0.050725182,0.119094202,0.022376919,0.1,0.9231,0.479,0.61,0.5922,0.6
fra,mkd,10.7,-0.128596532,-0.833136403,-0.004880822,-0.032904396,0.085141563,-0.624019828,-0.15135551,-0.084301385,-0.149280334,0.757698582,0.284199272,0.093718006,-0.038255522,-0.034694788,-0.108762517,0.1,0.9375,0.5006,0.66,0.5456,0.6
hrv,mkd,14.1,-0.691264796,0.632666859,0.504615039,0.186483205,0.554744342,-0.212623692,-0.305206866,-0.493694963,-0.305190324,0.324336117,0.635200884,-0.512523873,-0.483371462,-0.428374517,-0.52296106,0,0.5,0.2983,0.68,0.0002,0.4
hun,mkd,3.9,-0.797633509,1.03300054,0.836116092,0.375398784,0.909051128,-0.277483401,-0.361224426,-0.686285328,-0.303051553,-0.365840794,0.104977268,-0.792034466,-0.760718841,-0.664474386,-0.802146101,0,1,0.4278,0.62,0.5922,0.6
ind,mkd,7,-0.611252208,-0.495525577,0.552356904,0.084849005,0.436653057,-0.992114707,-0.201745386,-0.387620237,-0.272522298,0.691470278,0.853256523,-0.343487839,-0.492285098,-0.299770819,-0.420621403,0.5,1,0.3444,0.58,0.5687,0.5
ita,mkd,9.9,-0.295076076,-0.551779275,0.054732651,0.052850433,0.179535641,-0.54759107,-0.143133363,-0.14990901,-0.205898232,0.855855575,0.474181871,-0.02428005,-0.083040432,-0.12783294,-0.19905246,0,0.9,0.4473,0.56,0.0002,0.5
jpn,mkd,1.6,-0.794404216,2.419842332,0.6786786,0.365954383,1.021929018,-0.579741165,-1.014902769,-0.833306472,-0.402652585,-4.131666835,-0.233700275,-1.810190004,-0.81826575,-0.753453268,-0.918989865,0.5,1,0.5839,0.81,0.6162,0.7
kor,mkd,1.2,-1.486228387,-1.241925111,0.08864721,0.827531086,1.687444046,-3.51164301,-4.759189189,-1.267624331,-0.483882015,-0.844521514,-0.058588213,-1.519946656,-1.394081783,-1.307001378,-1.46711518,0.4,1,0.5861,0.75,0.641,0.7
ron,mkd,7.3,-0.603809374,-0.189441386,0.346758314,0.132035676,0.479928115,-0.594483675,-0.313058866,-0.410630155,-0.309471341,0.939907015,0.671368587,-0.269668569,-0.360907986,-0.34259809,-0.465073055,0,0.8889,0.4086,0.6,0.641,0.5
rus,mkd,7.4,-0.072752164,0.486837731,-0.044173157,-0.007254737,0.084387208,0.300027869,-0.163720882,-0.028680951,-0.165767665,-0.122126372,0.181020189,-0.096304841,-0.010669456,-0.014143732,-0.112753644,0.2,0.4,0.4147,0.6,0.6162,0.5
slk,mkd,3.5,-1.361548257,1.138816948,1.465525423,0.692928262,1.512059145,-0.95101446,-0.47049015,-1.209010561,-0.455631854,-0.388146278,-0.024138816,-1.287916604,-1.288117325,-1.189352597,-1.320762404,0,0.5714,0.6737,0.73,0.0002,0.7
srp,mkd,13.7,0.153121675,0.226581254,-0.478361813,-0.278617717,-0.312502349,0.66141961,-0.036440298,0.30528813,0.08495249,0.581434745,0.844469012,0.290640445,0.367589417,0.361878275,0.270402923,0,0.4286,0.6737,0.68,0.8278,0.8
swe,mkd,5.2,-0.79286717,0.449076551,0.888858611,0.381382295,0.872438711,-0.69136595,-0.356887091,-0.686914509,-0.3130424,-0.083160286,0.075092664,-0.711256191,-0.801159073,-0.668432708,-0.776014404,0.1,0.8571,0.5797,0.63,0.0002,0.6
tur,mkd,3.5,-0.913811281,0.792006564,1.081996454,0.378756946,0.910435005,-0.607059493,-0.407787861,-0.786508392,-0.431997821,-0.247128085,0.232104439,-0.860765852,-0.967827466,-0.730948449,-0.839111984,0,1,0.4533,0.78,0.5922,0.6
vie,mkd,6.9,-0.57856461,-1.821889513,0.136410294,0.074999465,0.363373017,-1.606973781,-0.171986002,-0.324190128,-0.143799801,2.034853555,0.9206402,0.049113001,-0.155562626,-0.25311279,-0.326944624,0.4,1,0.5611,0.58,0.5456,0.6
ara,nld,4.4,-0.295222889,0.520571954,0.391779487,0.013472799,0.341599406,-0.09858895,-0.322358653,-0.327736817,-0.198255894,-0.428534419,0.138788533,-0.37262111,-0.399045299,-0.218854684,-0.324900776,1,1,0.6068,0.63,0.0002,0.6
bul,nld,7.7,-0.127802512,0.145006682,0.32441938,-0.013033971,0.253212729,-0.203277746,-0.194111171,-0.278649193,-0.266868356,-0.390302582,-0.223264173,-0.216829167,-0.310175373,-0.171531545,-0.274193931,0.1,0.8571,0.5097,0.5,0.6162,0.5
ces,nld,7.6,0.474636256,0.28341867,-0.415053909,-0.303803846,-0.319672857,0.662480231,-0.021146349,0.304259953,0.018494281,-0.570707211,-0.133405008,0.257559056,0.321854772,0.37617451,0.257576348,0,0.8571,0.4427,0.51,0.0002,0.5
dan,nld,12.4,0.19384241,0.029111101,-0.004825949,-0.251088415,-0.042018704,0.137490281,-0.110414714,-0.012407869,-0.091434548,-0.358804306,-0.100588351,0.071101726,-0.026908459,0.14113549,0.007743005,0,0.7,0.6068,0.47,0.0002,0.7
deu,nld,17.6,1.92977562,-0.786790444,-1.81873034,-1.0391475,-1.805029215,1.96864765,1.186418676,1.785276337,1.088423368,0.209460975,0.32940465,1.733053808,1.76620059,1.765715238,1.72815143,0,0.2857,0.3086,0.35,0.5456,0.4
ell,nld,8.7,-0.236109613,0.083516164,0.115930089,-0.126667121,0.393851406,-0.250456061,-0.320210606,-0.450759646,-0.240823537,-0.020437752,-0.035649393,-0.210633477,-0.180629376,-0.214775548,-0.378004218,0.1,0.8333,0.5415,0.59,0.5922,0.6
eng,nld,25.1,2.55087307,-1.950196852,-2.231091915,-1.4674223,-2.380735855,1.973310218,2.287289036,2.403054705,1.960687966,0.779680536,0.743559685,2.427152795,2.398092638,2.417517257,2.425426613,0,0.6,0.4861,0.49,0.5687,0.5
spa,nld,14.1,1.2738033,-1.20478182,-1.232970232,-0.734335264,-1.243486835,0.872423628,0.716545906,1.200696882,0.617875512,0.627442768,0.376411417,1.276574604,1.172942019,1.20859499,1.153819487,0.1,0.9231,0.557,0.58,0.5922,0.6
fra,nld,15.9,1.507838564,-1.401404391,-1.514075971,-0.885882421,-1.460773537,1.039006975,0.937162941,1.387401731,0.752207057,0.703457743,0.401534201,1.500473885,1.456290105,1.418715707,1.362772265,0,0.9375,0.3411,0.51,0.5456,0.5
hrv,nld,6.1,-0.433433023,0.712684475,0.615914927,0.06369178,0.648384165,-0.18624372,-0.298082191,-0.628198659,-0.279601116,-0.614516156,-0.241508755,-0.543096847,-0.569274728,-0.441984785,-0.589785228,0.1,0.875,0.4766,0.76,0.0002,0.6
hun,nld,6,0.310119294,0.690515596,-0.175958581,-0.173863326,-0.2078162,0.792231199,0.083639799,0.232495999,-0.09211019,-0.627897878,-0.061157089,0.099149148,0.162211701,0.252834286,0.138477828,0.1,1,0.4234,0.59,0.5922,0.5
ind,nld,9.4,0.093667252,-0.422788997,0.093408158,-0.158837511,-0.103966654,-0.197412147,0.201434803,0.132415756,0.094632211,0.158121451,0.362173246,0.12423107,-0.017715237,0.179522836,0.108424629,0.6,1,0.4829,0.59,0.5687,0.6
ita,nld,12.8,1.124988369,-1.052051696,-1.206320046,-0.683594573,-1.143006936,0.817396905,0.642054608,1.106890914,0.530529763,0.639103298,0.519557827,1.150470381,1.131173611,1.118109554,1.050175299,0.1,0.9,0.4305,0.43,0.0002,0.4
jpn,nld,3.1,0.335258446,2.231168819,-0.312108843,-0.31092516,0.007530609,0.769499621,-0.486135719,-0.111898122,-0.175417123,-4.138068819,-0.658961868,-0.830663603,0.111198933,0.112663546,-0.05474796,0.5,1,0.5183,0.69,0.6162,0.6
kor,nld,1.9,-0.598178715,-1.232271673,-0.159931995,0.320032043,0.780986551,-2.335890648,-2.426351528,-0.617086205,-0.390975209,-0.922768896,-0.248775124,-0.769771376,-0.548763566,-0.587072702,-0.725479823,0.4,1,0.5145,0.66,0.641,0.6
mkd,nld,6.7,-0.669467042,0.345812285,0.871054447,0.075987053,0.881102033,-0.73570953,-0.376442683,-0.903930187,-0.376426825,-0.357424228,-0.166413245,-0.678423036,-0.792541096,-0.626681933,-0.800489105,0.1,0.8571,0.5145,0.6,0.0002,0.5
ron,nld,8.1,0.040465743,-0.229141497,-0.050436495,-0.235042679,0.002366741,-0.047158386,-0.136294612,-0.127544873,-0.187166073,0.260588912,0.082572464,0.105798652,0.001906681,0.057531377,-0.053938867,0.1,0.8889,0.4679,0.55,0.641,0.5
rus,nld,8.1,0.901118503,0.134208151,-0.850904311,-0.58992172,-0.755280059,1.112264222,0.301779201,0.625775746,0.166167944,-0.543586824,-0.110243085,0.635368192,0.755857403,0.752947293,0.642638758,0.2,0.8,0.5297,0.57,0.6162,0.6
slk,nld,5,-0.405225726,0.73758991,0.56560351,0.086202867,0.616849088,-0.162611409,-0.314488179,-0.548555913,-0.281727236,-0.70341978,-0.192190342,-0.542697902,-0.534111855,-0.404114732,-0.565474894,0.1,0.9,0.6068,0.63,0.0002,0.6
srp,nld,3.3,-0.49407247,0.94394648,0.615316673,0.114312188,0.697493928,-0.043363417,-0.325224533,-0.619938698,-0.288112463,-0.588120271,-0.138447815,-0.588614019,-0.576353769,-0.466733463,-0.630932861,0.1,0.9,0.6068,0.58,0.8278,0.8
swe,nld,11.5,0.576096338,0.018317789,-0.429919393,-0.316698307,-0.489346893,0.633415278,0.070692413,0.474572417,0.102358961,-0.383844598,-0.026066752,0.396351308,0.359143999,0.493404906,0.414891578,0.1,0.7,0.46,0.36,0.0002,0.4
tur,nld,4.2,-0.03324594,0.545527765,0.331531001,-0.043060507,0.211240046,0.101574243,-0.130149835,-0.205156752,-0.201033217,-0.847911902,-0.286100121,-0.258757601,-0.297995826,-0.106416933,-0.222734539,0.1,1,0.4527,0.71,0.5922,0.6
vie,nld,7.3,-0.127845035,-1.345410665,-0.036292366,-0.034216388,0.087716166,-0.928534236,0.079760033,-0.090334512,-0.157515405,1.15560694,0.270343017,0.20224851,0.050847987,-0.037797097,-0.113086577,0.5,1,0.46,0.69,0.5456,0.6
ara,pol,3,-0.274378196,0.512438901,0.419212849,0.626900244,0.413885413,-0.133587112,-0.338865905,-0.029584834,-0.063161349,-0.560494479,-0.564495744,-0.390290681,-0.425300024,-0.391341893,-0.344398208,1,1,0.6597,0.6,0.6162,0.6
bul,pol,6.3,0.031993324,0.039654558,0.090974811,0.463802796,0.064232726,-0.044277049,-0.102954674,0.195666106,-0.171968183,-0.294391124,-0.654431083,-0.052022514,-0.10047988,-0.149562521,-0.098563556,0.1,0.5714,0.5078,0.46,0,0.5
ces,pol,8.1,0.757127422,0.081193305,-0.742882884,0.071993428,-0.717368871,0.897628759,0.14774824,0.895633949,0.228340358,-0.475071224,-0.458565013,0.528868215,0.627706794,0.533460711,0.629998492,0,0.4286,0.4653,0.5,0.6162,0.5
dan,pol,4.8,-0.049512516,0.141947634,0.290303118,0.476686412,0.171563056,-0.121029304,-0.190645941,0.111350494,-0.151337494,-0.439393972,-0.62155644,-0.162133172,-0.282272147,-0.211459384,-0.177577969,0,0.8333,0.6597,0.58,0.6162,0.7
deu,pol,6.8,1.327002547,-0.423131831,-1.147062831,-0.183881231,-1.261302085,1.343111164,0.725896753,1.463200212,0.652728313,-0.139486626,-0.37721486,1.114861458,1.10770872,1.050571912,1.1775835,0,0.8571,0.5805,0.55,0.3333,0.5
ell,pol,5.1,-0.22656985,0.140514141,0.115369572,0.580994027,0.412767834,-0.217069068,-0.329527252,-0.034531285,-0.023782681,-0.09671687,-0.628890696,-0.22302711,-0.182778817,-0.367261128,-0.332560486,0.1,0.8333,0.5329,0.5,0.2048,0.5
eng,pol,12,2.342472717,-1.845948645,-2.055666631,-0.985323984,-2.359550015,1.767209178,2.100463717,2.38694107,1.651400577,0.730221053,0.316869212,2.232720352,2.20759416,2.120838257,2.322652772,0.1,0.9,0.5472,0.59,0.2804,0.5
spa,pol,8.1,1.09944298,-1.096315759,-1.060365936,-0.085078167,-1.164937948,0.681547415,0.484054613,1.330720278,0.447110484,0.495782748,-0.178784311,1.089424898,0.971966058,0.906661486,1.044285825,0.1,0.9231,0.4801,0.55,0.3613,0.5
fra,pol,8.1,1.197929544,-1.178095113,-1.189533566,-0.17507052,-1.166442766,0.775873294,0.71324032,1.383609083,0.751661255,0.583106581,-0.17172091,1.198648097,1.137723561,0.994133448,1.130200717,0.1,0.9375,0.5239,0.56,0.3333,0.5
hrv,pol,5.4,-0.319565086,0.680893782,0.458455464,0.72784468,0.385930685,-0.034312277,-0.264061349,-0.022311697,-0.26475021,-0.549397668,-0.623591442,-0.426533017,-0.435475239,-0.446612261,-0.378406029,0,0.625,0.4554,0.78,0.6162,0.6
hun,pol,4.3,0.362754404,0.635684728,-0.294807289,0.366615575,-0.318000332,0.823943696,-0.048450882,0.600945167,-0.013170982,-0.601195986,-0.539604209,0.152108936,0.219308157,0.168896822,0.247446295,0,1,0.5007,0.52,0.2048,0.5
ind,pol,5.5,-0.000727342,-0.442965501,0.19059457,0.44051438,-0.112659238,-0.360302145,0.106196195,0.37924564,-0.016484079,0.118489099,-0.062698934,0.031492023,-0.120953235,-0.017623759,0.084376005,0.5,1,0.3821,0.5,0.2804,0.4
ita,pol,7.3,1.014705054,-0.976450827,-1.132920972,-0.115061319,-1.088058633,0.740589168,0.513729862,1.296680484,0.599766032,0.644656052,0.077742094,1.056180094,1.037513653,0.902568198,1.02604677,0.1,0.9,0.498,0.4,0.6162,0.5
jpn,pol,1.8,0.376959327,2.238261163,-0.338165457,0.301161705,-0.061413502,0.81995606,-0.47049015,0.321159548,0.047299645,-4.167564368,-1.105902823,-0.802437446,0.136126805,0.027765661,0.061654318,0.4,1,0.5825,0.73,0.4327,0.6
kor,pol,1.4,-0.454000777,-1.246738481,-0.218154203,0.847543056,0.649449038,-2.186053435,-2.320469874,-0.196106343,-0.27747614,-0.997687104,-0.867542271,-0.664844912,-0.473331711,-0.629512457,-0.590034938,0.4,1,0.5633,0.65,0.5,0.6
mkd,pol,4.5,-0.591486166,0.312519446,0.766543788,0.754472798,0.713997565,-0.613343775,-0.30093052,-0.35710191,-0.362655272,-0.244145738,-0.605070764,-0.57997513,-0.689007887,-0.677817609,-0.664702989,0.1,0.5714,0.3697,0.57,0.6162,0.5
ron,pol,5.2,0.043673453,-0.233775326,-0.093507184,0.432592505,-0.078844315,-0.00677944,-0.1138103,0.335273289,-0.129449445,0.356219448,-0.29205583,0.134511559,0.042171987,-0.041209189,0.026246709,0,0.8889,0.4856,0.4,0.2163,0.4
rus,pol,8.9,1.330786277,-0.162490112,-1.350179821,-0.255870098,-1.294463203,1.542010501,0.579268199,1.412712016,0.598631431,-0.251030318,-0.351444086,1.087907297,1.227301067,1.060843013,1.18871948,0.2,0.4,0.4949,0.47,0,0.5
slk,pol,7.1,-0.170426834,0.612898713,0.192409591,0.552746866,0.250956746,0.105034523,-0.301642923,0.032328038,-0.217040797,-0.547799936,-0.588236749,-0.296553473,-0.235853872,-0.30747076,-0.258550361,0,0.3333,0.6597,0.6,0.6162,0.6
srp,pol,3.9,-0.352980674,0.8730069,0.454481717,0.707982518,0.545186112,0.058109788,-0.28670935,-0.12880658,-0.160951753,-0.644103839,-0.72576528,-0.481234872,-0.438638499,-0.503331117,-0.475285912,0,0.5,0.6597,0.59,0.8485,0.7
swe,pol,5.8,0.314302171,0.085510001,-0.254588674,0.302362943,-0.336410196,0.460850495,0.019788522,0.628562891,0.205218472,-0.101511025,-0.177922066,0.245492323,0.206535735,0.224823839,0.322740094,0,0.8333,0.5444,0.58,0.6162,0.6
tur,pol,2.5,-0.007639562,0.486673455,0.274670038,0.551201539,0.12477775,0.10068713,-0.180959424,0.195823292,-0.174037186,-0.803102006,-0.718539243,-0.224366561,-0.267232889,-0.201366403,-0.146948826,0.1,1,0.5389,0.68,0.2048,0.6
vie,pol,4.5,-0.120384206,-1.603062219,-0.046428669,0.467791889,0.033471189,-1.120064254,0.124149107,0.224921294,-0.106325408,1.242047364,-0.10527067,0.232164266,0.071201651,-0.133109921,-0.056010616,0.4,1,0.5444,0.59,0.4407,0.6
ara,por,12,-2.618779672,1.781084617,3.227924552,1.366413337,3.05023751,-2.346412967,-0.614351556,-2.507727564,-0.611254711,-1.076345965,-0.55302059,-2.566568254,-2.71978092,-2.424871833,-2.5786869,1,1,0.6328,0.61,0.0002,0.6
bul,por,14.7,0.23624856,-0.26923713,-0.332355743,-0.796717531,-0.354261972,0.289803893,0.107481253,-0.066706683,0.109428573,0.520234745,0.830267519,0.34625513,0.292340298,0.43024395,0.310187902,0.1,0.8571,0.4276,0.34,0.6162,0.4
ces,por,10.8,0.589854577,0.094663102,-0.716197067,-0.896633894,-0.672648368,0.887602996,0.122229475,0.235354898,0.148404993,0.007576039,0.632810561,0.514420996,0.599535202,0.683917908,0.572446561,0.1,0.9333,0.4431,0.57,0.0002,0.5
dan,por,14,0.328146384,-0.23469753,-0.397478872,-0.837733488,-0.425332755,0.362006474,0.06744893,-0.012776906,0.097209473,0.321339315,0.753595537,0.372157659,0.332625679,0.489299169,0.36290991,0.1,0.9333,0.6328,0.59,0.0002,0.8
deu,por,14.2,1.364107065,-0.534628774,-1.305324931,-1.186615708,-1.351209206,1.46481707,0.867281001,1.002211111,0.760929661,0.274546202,0.606871046,1.259340925,1.272012232,1.349500466,1.27868091,0.1,0.8571,0.4343,0.53,0.5456,0.5
ell,por,18,0.513814242,-0.600834338,-0.978570471,-1.077841742,-0.779295111,0.585831126,0.045974946,0.157500164,0.070712558,1.059485963,1.088835904,0.733555263,0.785497243,0.741446197,0.635046489,0.1,0.8333,0.4833,0.43,0.5922,0.5
eng,por,31.4,3.894680239,-3.150134078,-3.039201556,-3.085413799,-3.238591303,2.995718502,5.222092551,3.129750927,4.871411951,1.527892573,1.706759603,3.797277054,3.852708188,3.845950596,3.912605245,0.1,0.9,0.4235,0.47,0.5687,0.5
spa,por,27.6,2.727350506,-2.400446895,-2.576536021,-2.24307196,-2.580055805,2.203593867,2.814601322,2.256371428,2.724217776,1.746890079,1.529396116,2.842668995,2.817571661,2.783795377,2.795236017,0,0.2667,0.4797,0.4,0.5922,0.5
fra,por,24.2,2.128864364,-2.086219523,-2.15548828,-1.869158578,-2.116806335,1.602746765,2.048906033,1.710475184,1.85929447,1.551064422,1.332532881,2.26971361,2.272071908,2.210524132,2.188805539,0,0.4375,0.3947,0.46,0.5456,0.5
hrv,por,12.1,-0.10884733,0.438489668,-0.076049139,-0.564059743,-0.023078205,0.384977914,-0.139712509,-0.324651706,-0.124677544,0.300907276,0.814285929,-0.01296879,0.021180218,0.126119444,-0.016461715,0.1,0.9333,0.3806,0.77,0.0002,0.5
hun,por,9.7,0.549442937,0.453322567,-0.603494907,-0.831614901,-0.637369692,1.174133586,0.306058191,0.267749937,0.208977165,0.030675321,0.696773184,0.485580611,0.561686589,0.666145681,0.561439879,0.1,1,0.4185,0.52,0.5922,0.5
ind,por,14.6,0.931350855,-1.200520596,-0.851172196,-1.267823261,-1.097097555,0.519813986,0.981185912,0.659746316,0.868898776,0.879131465,1.359046613,1.047344998,0.945090881,1.177399828,1.108057641,0.6,1,0.4158,0.48,0.5687,0.5
ita,por,22.8,1.947965628,-1.880886495,-2.092435581,-1.818936991,-2.038302893,1.545867781,1.763233387,1.594554433,1.683441097,1.545869766,1.527162984,2.111170699,2.142805,2.106119179,2.077892176,0.1,0.5333,0.351,0.3,0.0002,0.3
jpn,por,5.1,0.747269946,2.187083644,-1.039830158,-1.087968571,-0.728552788,1.547244964,-0.239437756,0.145564416,0.121610024,-3.517195991,0.334342522,-0.304450824,0.754463147,0.739781389,0.609137343,0.5,1,0.4584,0.77,0.6162,0.6
kor,por,4.3,-0.00406984,-1.38162946,-0.839447034,-0.367643606,-0.043926495,-1.513785812,-2.102219722,-0.215107966,-0.266162181,-0.549472617,0.308043598,-0.152503814,0.077978993,0.079946641,-0.039360059,0.5,1,0.5185,0.7,0.641,0.6
mkd,por,13.9,-0.003214186,-0.194000482,-0.13634493,-0.857591685,-0.25635513,0.150062693,0.045322395,-0.342716173,-0.06584534,0.79123107,1.076037787,0.211720286,0.120271146,0.288822369,0.184113759,0.1,0.9333,0.4296,0.52,0.0002,0.5
ron,por,15.4,0.761333924,-0.939623058,-1.071665881,-1.224740658,-1.041533974,0.667193002,0.30544719,0.414305232,0.295680614,1.201702704,1.226962917,0.987115645,0.931197329,0.993906188,0.904711207,0.1,0.6,0.4225,0.38,0.641,0.4
rus,por,12.4,1.437953225,-0.44632731,-1.679206007,-1.517208455,-1.562071259,1.710276964,0.723148799,0.949491731,0.747838528,0.426553088,0.969462954,1.364697013,1.527139142,1.511917687,1.441547163,0.3,0.9333,0.47,0.5,0.6162,0.5
slk,por,7.8,-0.325373572,0.616279573,0.212505703,-0.41149155,0.295605154,0.106938669,-0.226833662,-0.590020724,-0.199644312,-0.054248606,0.544054215,-0.297337609,-0.23090917,-0.135217178,-0.288967456,0.1,0.9333,0.6328,0.61,0.0002,0.6
srp,por,10.8,0.095760294,0.447525262,-0.350322073,-0.725522757,-0.235770685,0.701721193,-0.094832471,-0.174652776,5.37E-05,0.376680081,0.868331269,0.185303021,0.250240054,0.318513876,0.186192395,0.1,0.9333,0.6328,0.61,0.8278,0.8
swe,por,15,0.605142092,-0.185040974,-0.697479156,-0.923621363,-0.819824419,0.775537021,0.156006498,0.317775594,0.163635261,0.305700521,0.838609831,0.608525356,0.594152337,0.752971756,0.692901924,0.1,0.9333,0.493,0.47,0.0002,0.5
tur,por,9,0.485145425,0.017897804,-0.496673489,-0.87113216,-0.591027848,0.684934585,0.098477062,0.128917157,0.080427164,0.030652029,0.659895775,0.429723368,0.419585016,0.600294771,0.489082964,0.2,1,0.4672,0.69,0.5922,0.6
vie,por,13,0.980692786,-2.3030364,-1.123258724,-1.269636279,-1.167426775,0.086163074,1.100905285,0.697198347,0.781027279,2.108399518,1.293762046,1.423474332,1.193245785,1.202571764,1.139147428,0.5,1,0.4546,0.57,0.5456,0.5
ara,ron,5.6,-0.324085918,0.263295013,0.120203163,-0.32901387,0.107591607,0.001102869,-0.274661447,-0.306559647,-0.11651052,0.464069803,1.032110199,-0.155696773,-0.171331,-0.001831592,-0.117373677,1,1,0.6552,0.61,0.641,0.6
bul,ron,9.8,-0.346968161,0.083871455,0.228583114,-0.207561942,0.221882361,-0.222636732,-0.194804582,-0.392796462,-0.232413283,0.3999413,0.634587037,-0.192959046,-0.234693328,-0.129441835,-0.239868289,0,0.8571,0.4946,0.45,0.2163,0.5
ces,ron,6.3,-0.147453269,0.506703738,0.070591632,-0.206986271,0.038326939,0.182435472,-0.195498114,-0.212750528,-0.169900263,-0.205174088,0.421195584,-0.183707904,-0.110131843,-0.013949036,-0.077531629,0,0.8889,0.4494,0.55,0.641,0.5
dan,ron,8.5,-0.340748536,0.096185372,0.340581809,-0.263063841,0.187956575,-0.251443245,-0.238736474,-0.377598123,-0.221227369,0.284721019,0.772357123,-0.218794076,-0.335353155,-0.086701927,-0.209966687,0.1,0.8889,0.6552,0.51,0.641,0.7
deu,ron,8.7,0.382891488,-0.028265842,-0.373506144,-0.364358747,-0.449616684,0.503422315,0.019788522,0.339312663,0.011260026,0.028980157,0.3766,0.340448978,0.300436253,0.434688876,0.358174531,0,0.8571,0.4541,0.54,0.3918,0.5
ell,ron,10.4,-0.205308874,-0.175749245,-0.217730487,-0.399773751,-0.03434382,-0.052121336,-0.205220363,-0.254357099,-0.211465589,0.919284961,0.93035651,0.070891154,0.114830377,0.073776934,-0.031710368,0,0.8333,0.4933,0.41,0.2952,0.4
eng,ron,20.4,2.274371359,-2.2946812,-2.311617391,-1.961501515,-2.471318572,1.542134112,1.76365597,1.914293706,1.702798989,1.397888071,1.552322962,2.354577814,2.31599458,2.396494494,2.425210485,0.1,0.9,0.4997,0.53,0.3498,0.5
spa,ron,14.7,0.802406756,-1.230798043,-0.978412545,-0.828602735,-1.056943354,0.444130546,0.419874275,0.746703398,0.314624786,1.179128481,1.016304733,1.016672711,0.889397387,0.97249717,0.922149603,0.1,0.3333,0.5114,0.47,0.4278,0.5
fra,ron,16.5,0.942788002,-1.43722872,-1.32692267,-0.94231817,-1.226957735,0.507043323,0.377501291,0.861386435,0.367912414,1.330853284,1.087757198,1.179746883,1.152801757,1.11381402,1.071226993,0.1,0.625,0.4336,0.53,0.3918,0.5
hrv,ron,7.3,-0.717299351,0.755997938,0.523550923,0.06871902,0.554201445,-0.163484619,-0.348947647,-0.574117918,-0.346768965,0.25404808,0.785803451,-0.554194272,-0.510493153,-0.410176915,-0.534099615,0,0.8889,0.439,0.77,0.641,0.6
hun,ron,7.1,-0.073320726,0.724155443,-0.097918551,-0.259148639,-0.143556128,0.643966651,0.017160314,0.011091153,-0.157515405,0.175326635,0.829261303,-0.016155634,0.082093469,0.16104073,0.069538699,0,1,0.3944,0.53,0.2952,0.4
ind,ron,9.8,0.011352166,-0.701462552,-0.04787741,-0.450814888,-0.38794428,-0.327699239,0.0590034,0.122236438,-0.007214394,0.72349348,1.241712027,0.206008624,0.054221027,0.346375529,0.304335002,0.5,1,0.3931,0.57,0.3498,0.5
ita,ron,13.3,0.652286183,-1.061224841,-0.967193881,-0.779471915,-0.899613975,0.401264313,0.366686291,0.617627063,0.310965249,1.186904847,1.083433836,0.888381322,0.865741062,0.860276209,0.796895614,0,0.3333,0.3812,0.42,0.641,0.4
jpn,ron,2.8,-0.195306467,2.360252218,0.048821697,-0.266401133,0.256954311,0.237705471,-0.645316906,-0.497545658,-0.258402573,-3.982090852,0.028700141,-1.249242198,-0.218088573,-0.161889617,-0.274793292,0.4,1,0.4629,0.77,0.5,0.6
kor,ron,2,-0.818359076,-1.291493241,-0.301556746,0.202874278,0.897722347,-2.597177555,-3.452278922,-0.847395744,-0.383694325,-0.707175499,0.167014781,-0.902577306,-0.722362364,-0.665666552,-0.815635248,0.4,1,0.5696,0.67,0.5702,0.6
mkd,ron,8.3,-0.603809374,0.134256858,0.479938044,-0.191776032,0.34675853,-0.409225048,-0.309487842,-0.595779951,-0.3130424,0.669975689,0.941432322,-0.34285019,-0.465076863,-0.269408717,-0.360908529,0,0.8889,0.4086,0.6,0.641,0.5
rus,ron,8.2,0.449265088,0.175864893,-0.65880323,-0.606693577,-0.617479629,0.79507478,0.032248702,0.325488258,0.014549965,0.060676905,0.662071902,0.406696633,0.529181335,0.569714378,0.491643577,0.2,0.8889,0.4279,0.48,0.2163,0.4
slk,ron,3.5,-0.937883646,0.947079486,0.931704693,0.231713857,0.978739561,-0.495889114,-0.389533692,-0.925959562,-0.38442181,-0.246151138,0.30044836,-0.881411035,-0.844074336,-0.733338976,-0.879813268,0,0.8889,0.6552,0.61,0.641,0.6
srp,ron,5.6,-0.555344788,0.790632534,0.387696779,-0.068430344,0.411412203,0.084940648,-0.285999633,-0.50784427,-0.27322961,0.248380294,0.724533104,-0.415051829,-0.385705812,-0.286087703,-0.400886617,0,0.8889,0.6552,0.58,1,0.8
swe,ron,7.9,-0.250776228,0.276018906,0.241861131,-0.070211183,0.102171963,-0.075816379,-0.25067523,-0.149604545,-0.126040357,0.018902455,0.602577603,-0.212707778,-0.260722136,-0.054552319,-0.115745248,0.1,0.8889,0.551,0.48,0.641,0.6
tur,ron,4.6,-0.308774695,0.498024468,0.413624522,-0.140728751,0.252475567,-0.033960369,-0.06183891,-0.3464141,-0.196867964,-0.182450803,0.475807984,-0.317676433,-0.343813931,-0.139292582,-0.254137585,0.1,1,0.4882,0.65,0.2952,0.5
vie,ron,8.5,0.032427052,-1.934059839,-0.400606754,-0.523044329,-0.330839171,-0.915583991,0.145203763,0.037929712,-0.079966266,1.962598643,1.132298734,0.560251234,0.356728195,0.335031953,0.23900197,0.4,1,0.5328,0.63,0.4934,0.6
ara,rus,5.6,-2.636936555,1.790872215,3.336203821,2.125621612,3.191636113,-2.47535487,-0.62902986,-2.207904404,-0.628242513,-1.345390763,-1.446781264,-2.65528119,-2.809364963,-2.682861264,-2.695069024,1,1,0.688,0.57,0.6162,0.6
bul,rus,12.4,1.262768162,-0.861224544,-1.3890843,-0.329505509,-1.491563595,1.198475153,0.649343166,1.529999527,0.582712726,0.68323124,0.30639118,1.282114045,1.277517108,1.180032462,1.339932136,0.2,0.5714,0.345,0.46,0,0.4
ces,rus,9.4,0.824961502,0.032112822,-0.84287844,0.12822111,-0.829053032,0.954781526,0.106838776,1.080342859,0.318280938,-0.449336786,-0.360735344,0.594768038,0.69528437,0.618902463,0.743212066,0.2,0.4,0.4034,0.54,0.6162,0.5
dan,rus,7.8,0.183071644,-0.047836836,-0.004195545,0.375497884,-0.17847886,0.069847509,-0.139028693,0.414776828,-0.027104687,-0.316103062,-0.42504594,0.073322706,-0.035367116,0.043848128,0.133396112,0.2,0.8,0.688,0.58,0.6162,0.7
deu,rus,9.2,1.631915052,-0.613493183,-1.539872961,-0.313983254,-1.642343252,1.648330285,0.783708374,1.847035555,0.873664924,0.024482628,-0.158306417,1.424172496,1.433966575,1.374782871,1.539939471,0.2,0.8571,0.5184,0.42,0.3333,0.5
ell,rus,8.4,0.244033023,-0.252837594,-0.496947707,0.294326281,-0.382740257,0.246406403,-0.221244715,0.538515627,-0.144484452,0.356447705,-0.148828976,0.308612339,0.330849771,0.171663738,0.262036828,0.2,0.8333,0.3971,0.45,0.2048,0.4
eng,rus,17.4,3.426827326,-2.661608439,-2.843963167,-1.62085688,-3.19948233,2.696999429,3.925050991,3.504131928,3.442874659,1.248085792,0.885809109,3.315025688,3.337684599,3.217031178,3.484300857,0.2,0.9,0.5594,0.49,0.2804,0.5
spa,rus,11.6,1.710479387,-1.644127445,-1.730385967,-0.464425835,-1.863020727,1.195623014,1.052642456,2.004312594,0.991502376,0.95743346,0.292902785,1.745350217,1.659222723,1.565314865,1.746981101,0.3,0.8,0.5273,0.45,0.3613,0.5
fra,rus,12.7,1.759978113,-1.703989949,-1.843663868,-0.500711589,-1.8890394,1.249248875,1.199112007,2.045134863,1.086417778,1.057174433,0.310660093,1.815387408,1.789420282,1.613128005,1.793932517,0.2,0.9375,0.5152,0.51,0.3333,0.5
hrv,rus,8.3,-0.101684457,0.558596341,0.121967238,0.617642204,0.054758127,0.245681529,-0.163720882,0.301852184,-0.110396305,-0.3155355,-0.310964945,-0.173871914,-0.1418585,-0.172609733,-0.07395248,0.2,0.4,0.4214,0.79,0.6162,0.6
hun,rus,5.8,0.55853458,0.556707552,-0.499110522,0.302555463,-0.636775823,1.054080066,0.097833121,0.854715931,-0.066516622,-0.509675739,-0.42436097,0.346982257,0.42133021,0.370207738,0.48432803,0.2,1,0.4706,0.49,0.2048,0.5
ind,rus,8.1,0.368000641,-0.757227121,-0.243576049,0.242812294,-0.498774498,-0.073592811,0.233922503,0.808392818,0.369115188,0.305579231,0.207354311,0.402503627,0.257415403,0.375885929,0.496548223,0.4,1,0.503,0.61,0.2804,0.5
ita,rus,10.2,1.403602286,-1.388780756,-1.560142218,-0.32238308,-1.594642849,1.019143608,0.896329485,1.770381526,0.842315037,0.962663273,0.409991826,1.480204562,1.481304757,1.330455145,1.493551021,0.2,0.8,0.4693,0.56,0.6162,0.5
jpn,rus,2.7,0.884337949,2.153449346,-0.982115656,0.059539216,-0.752428547,1.557616646,-0.174744886,0.961271288,0.290777024,-3.85806537,-0.6832301,-0.277802836,0.726888787,0.58308567,0.675053532,0.3,1,0.5412,0.66,0.4327,0.6
kor,rus,2.1,-0.046635877,-1.383960168,-0.640481204,0.69708523,0.192390487,-1.744070246,-1.931808373,0.276976458,-0.039087073,-0.954082976,-0.720570791,-0.299172792,-0.031718725,-0.235794036,-0.162796169,0.2,1,0.6511,0.56,0.5,0.6
mkd,rus,7.5,-0.072752164,-0.004984747,0.084367003,0.484740138,-0.04414316,-0.027051332,-0.165785543,0.298206105,-0.163702984,0.179867701,-0.12112202,-0.014430626,-0.112742738,-0.096026622,-0.010684625,0.2,0.4,0.4147,0.6,0.6162,0.5
ron,rus,8,0.449265088,-0.604213542,-0.617553305,0.173658296,-0.658726412,0.327326058,0.014530358,0.792962196,0.032268479,0.660683562,0.061770926,0.569365635,0.491679725,0.407028143,0.529143621,0.2,0.8889,0.4279,0.48,0.2163,0.4
slk,rus,6.6,-0.104905896,0.56578735,0.146908564,0.585357067,0.10775466,0.125415231,-0.278201139,0.190834981,-0.21425221,-0.606170174,-0.493439234,-0.255464708,-0.193403121,-0.224860229,-0.144694358,0.2,0.4,0.688,0.57,0.6162,0.6
srp,rus,7.2,0.243618027,0.457442556,-0.319902179,0.394968047,-0.367954778,0.67189201,-0.156159671,0.614828455,-0.111075196,-0.189517396,-0.186881743,0.160234173,0.209157446,0.160990625,0.259655923,0.2,0.4,0.688,0.6,0.8485,0.7
swe,rus,8.1,0.482117068,0.014964318,-0.440109266,0.294047558,-0.494076014,0.57303098,-0.04778267,0.846379674,0.322542179,-0.21858621,-0.180547682,0.359521362,0.334228518,0.369897246,0.479881343,0.2,0.8,0.578,0.56,0.6162,0.6
tur,rus,4,0.290119857,0.331641814,-0.055166075,0.424379,-0.180873973,0.407349956,0.005970899,0.533554491,0.134392184,-0.690201735,-0.593337434,0.064885658,0.045221857,0.091235265,0.180216162,0.2,1,0.5124,0.63,0.2048,0.5
vie,rus,7.2,0.316578451,-1.913208618,-0.341651214,0.213120314,-0.566690584,-0.678726364,0.701096136,0.728410596,0.216483849,1.568185881,0.247382374,0.700144432,0.464833532,0.342062112,0.507716156,0.2,1,0.6154,0.66,0.4407,0.6
ara,slk,1.5,-1.272542267,0.95928632,1.442365255,1.15838121,1.304592876,-1.003270999,-0.504842486,-0.793998975,-0.486867493,-0.403870511,-0.344224568,-1.214866109,-1.279386793,-1.198776612,-1.165625484,1,1,0,0,0.0002,0
bul,slk,4,-0.91532051,0.613297986,0.982848331,0.968887144,0.997824523,-0.697457427,-0.434959658,-0.552884625,-0.426846656,-0.06509471,-0.501657351,-0.812725386,-0.897097005,-0.931114709,-0.906686472,0,0.5714,0.6416,0.61,0.6162,0.6
ces,slk,28.1,1.933974678,-0.905490434,-2.151929786,-0.806216925,-2.131670955,2.038981802,1.230668171,2.132128132,1.21082394,0.622881123,0.628912112,1.848784408,2.041615001,1.850531917,2.020137719,0,0.2857,0.6784,0.66,0.0002,0.7
dan,slk,3.1,-1.019831446,0.559268568,1.254980611,0.998818642,1.114729583,-1.020675659,-0.428333093,-0.666868224,-0.446752527,-0.378342504,-0.502828497,-0.988432249,-1.110136551,-1.022223344,-1.004538964,0,0.8571,0,0.66,0.0002,0.8
deu,slk,5.4,0.017891993,0.16578164,0.137737486,0.539134095,0.018889635,0.051955811,-0.070565504,0.273573024,-0.228914284,-0.297360739,-0.589362079,-0.065076491,-0.128393789,-0.144178491,-0.078600681,0,0.8571,0.6153,0.58,0.5456,0.6
ell,slk,3.1,-1.147945324,0.565714043,1.088962546,1.071455175,1.232846216,-1.020487057,-0.485389286,-0.749994524,-0.478662847,0.018454221,-0.448669538,-0.992139815,-0.994918058,-1.118841553,-1.106687842,0,0.8333,0.6929,0.54,0.5922,0.6
eng,slk,13.8,0.772800827,-1.165841152,-0.831465522,-0.029002977,-1.004997101,0.244908607,0.295658313,1.088399073,0.088181698,0.659222463,0.170134046,0.850003273,0.738805068,0.717458925,0.818133096,0.1,0.9,0.5983,0.57,0.5687,0.6
spa,slk,6,-0.162841274,-0.513503351,0.208112048,0.614279574,0.10397,-0.515029631,-0.171986002,0.225644693,-0.245737793,0.425530191,-0.28846936,-0.026082935,-0.212180311,-0.2196417,-0.150465131,0.1,0.9231,0.6832,0.56,0.5922,0.6
fra,slk,5.8,-0.133030075,-0.572038349,0.107021686,0.562325576,0.134856147,-0.559285059,-0.251378634,0.177854083,-0.284563841,0.353324606,-0.383631056,-0.019763749,-0.154444885,-0.219533531,-0.185656006,0.1,0.9375,0.6025,0.57,0.5456,0.6
hrv,slk,4.6,-1.149414978,1.011492145,1.308800333,1.076322721,1.249085418,-0.787697794,-0.427597494,-0.746831374,-0.457854805,-0.401542883,-0.447116077,-1.107282658,-1.152429433,-1.119697278,-1.113722369,0,0.625,0.6832,0.87,0.0002,0.8
hun,slk,3.4,-0.606878412,1.05241889,0.798777739,0.854474932,0.644541054,-0.099428091,-0.189260699,-0.233233253,-0.369897478,-0.597319679,-0.480816073,-0.689095032,-0.683392353,-0.657515248,-0.611871117,0,1,0.6461,0.55,0.5922,0.6
ind,slk,3.6,-1.074327268,0.038863968,1.2093768,1.010709521,1.016025358,-1.296644731,-0.335271504,-0.538986684,-0.399730006,0.282083074,-0.050612205,-0.856719812,-1.048235281,-0.947011085,-0.913514945,0.5,1,0.669,0.62,0.5687,0.6
ita,slk,5.4,-0.298686394,-0.333125282,0.235349975,0.643578209,0.276015655,-0.548794165,-0.165097203,0.103015123,-0.239420585,0.385477822,-0.208336032,-0.154941142,-0.231771555,-0.315936975,-0.284564349,0,0.9,0.6737,0.61,0.0002,0.7
jpn,slk,1.2,-0.771359576,2.451006076,0.872020328,0.928195487,1.097487509,-0.696446289,-0.922133389,-0.664887336,-0.440106094,-4.550538659,-1.139847323,-1.90373385,-0.945123774,-0.979006717,-0.989074628,0.4,1,0.6597,0.59,0.6162,0.6
kor,slk,1,-1.541272098,-1.048188978,0.663735376,1.352805305,1.722456778,-3.405355452,-3.363187027,-1.119626536,-0.540238364,-0.840607486,-0.681890449,-1.56669829,-1.459796874,-1.523738973,-1.510441596,0.4,1,0.6737,0.57,0.641,0.6
mkd,slk,3.5,-1.361548257,0.694952906,1.512147706,1.136947891,1.465440414,-1.208074745,-0.455646953,-0.952101288,-0.470475194,-0.025190717,-0.387272416,-1.189514998,-1.320801949,-1.287764628,-1.288079145,0,0.5714,0.6737,0.73,0.0002,0.7
ron,slk,3.6,-0.937883646,0.233900112,0.978787492,0.94514322,0.93166035,-0.924857368,-0.384437592,-0.49724331,-0.389517959,0.299237319,-0.245207623,-0.733549683,-0.879834397,-0.881215993,-0.844054701,0,0.8889,0.6552,0.61,0.641,0.6
rus,slk,5.8,-0.104905896,0.587419404,0.107736236,0.56371743,0.146924005,0.192593632,-0.214269623,0.123696045,-0.278184338,-0.494261044,-0.605403258,-0.225124801,-0.144684786,-0.255203351,-0.193410658,0.2,0.4,0.688,0.57,0.6162,0.6
srp,slk,2.8,-1.192289032,1.231995068,1.340393653,1.13722642,1.288913817,-0.659273047,-0.450464972,-0.762977164,-0.460079007,-0.442772422,-0.481475852,-1.15570229,-1.183738494,-1.1662548,-1.145791832,0,0.625,0,0.69,0.8278,0.8
swe,slk,3.8,-0.709997421,0.572517426,0.866357838,0.883296602,0.783854954,-0.589089638,-0.370638342,-0.340397282,-0.388061246,-0.376604454,-0.467827617,-0.718829042,-0.787217663,-0.74357732,-0.726934201,0.1,0.8571,0.6153,0.64,0.0002,0.6
tur,slk,1.8,-1.08279848,0.981364114,1.415924743,1.108092797,1.21672674,-0.885187962,-0.418780956,-0.706507794,-0.470475194,-0.78015472,-0.634552027,-1.152063592,-1.234564923,-1.112622472,-1.0916812,0.1,1,0.6196,0.55,0.5922,0.6
vie,slk,3.4,-1.052161059,-1.211394471,0.806490967,0.969789428,0.972508805,-1.907778416,-0.276076944,-0.514675523,-0.401191025,1.501256382,0.025719412,-0.506933008,-0.713636616,-0.907068286,-0.879558349,0.4,1,0.6153,0.66,0.5456,0.6
ara,slv,2.7,-1.012331067,0.717268809,1.047498788,0.871402709,0.992580037,-0.728859838,-0.435696629,-0.489838419,-0.361931781,-0.056554369,0.172610295,-0.894676551,-0.948351828,-0.832658411,-0.884485696,1,1,0.669,0.64,0.0002,0.7
bul,slv,6.4,-0.828041851,0.41077349,0.946879169,0.767599394,0.886392459,-0.740456573,-0.333834658,-0.473073938,-0.33741152,-0.002949838,-0.150862022,-0.720064059,-0.840560148,-0.760225306,-0.793812583,0,0.4286,0.4225,0.45,0.6162,0.5
ces,slv,6.7,-0.438647561,0.720041713,0.581387035,0.634412256,0.541228262,-0.181123701,-0.285290043,-0.172465022,-0.259812279,-0.601787763,-0.393578409,-0.544175545,-0.538451568,-0.487726843,-0.499663763,0,0.5714,0.4204,0.43,0.0002,0.4
dan,slv,5.2,-1.006862632,0.577052365,1.239912304,0.90806459,1.167470697,-0.917607366,-0.339585177,-0.597629199,-0.274644613,-0.214443673,-0.181151014,-0.932732172,-1.073547092,-0.923779913,-0.998305489,0.1,0.8333,0.669,0.56,0.0002,0.7
deu,slv,8.6,0.156352906,0.041612327,-0.060627875,0.286176595,-0.106614406,0.252972592,0.107481253,0.421006038,0.025059408,0.007774371,-0.128871223,0.13792099,0.07777647,0.100902549,0.091160152,0,0.8571,0.4255,0.55,0.5456,0.5
ell,slv,6.4,-0.824322082,0.273299415,0.515477253,0.70719921,0.743172472,-0.575365279,-0.377168825,-0.325452994,-0.321626124,0.677849134,0.320021627,-0.532260178,-0.511969549,-0.629380717,-0.676326706,0,0.8333,0.4416,0.54,0.5922,0.5
eng,slv,16.5,1.457427909,-1.789144377,-1.589957691,-0.687244028,-1.638148166,0.825940465,0.901062619,1.673994418,0.925194426,1.209280907,0.808190239,1.593820263,1.506164712,1.485129669,1.550962407,0.1,0.9,0.4546,0.56,0.5687,0.5
spa,slv,8.1,0.002554984,-0.673675872,-0.094599971,0.419615204,-0.106347001,-0.297146797,-0.104987834,0.480887379,-0.075926566,0.76324817,0.213871481,0.209145077,0.045489434,0.060180414,0.062854503,0.1,0.9231,0.5118,0.54,0.5922,0.6
fra,slv,7.1,-0.099121867,-0.566933167,-0.0135789,0.510381563,0.095343073,-0.386851636,-0.156159671,0.313352998,-0.136959801,0.642407134,-0.056825601,0.088063773,-0.032723875,-0.101509808,-0.113390593,0,0.9375,0.4688,0.58,0.5456,0.6
hrv,slv,12.6,-0.668886432,0.724923333,0.54823499,0.748162544,0.535058171,-0.190504117,-0.335990123,-0.077522139,-0.339568965,0.102948229,0.320578188,-0.553106204,-0.526379381,-0.494199075,-0.516979984,0,0.375,0.3141,0.75,0.0002,0.5
hun,slv,4.2,-0.63042198,1.074403747,0.704938666,0.846487221,0.593623996,-0.046140182,-0.158907529,-0.069577521,-0.33741152,-0.443690807,0.00067023,-0.667895117,-0.600849686,-0.547481595,-0.562626563,0,1,0.438,0.53,0.5922,0.5
ind,slv,5.6,-0.828475731,-0.112675287,0.912494867,0.773438429,0.730083617,-1.067195678,-0.292391681,-0.257258058,-0.288112463,0.370537154,0.350071544,-0.619184138,-0.801879247,-0.624845334,-0.656667465,0.5,1,0.4413,0.58,0.5687,0.5
ita,slv,7.1,-0.163483733,-0.477243681,-0.033763366,0.483780638,0.065964507,-0.351995918,-0.053800654,0.323402494,-0.119230988,0.734758783,0.231639059,0.057194585,0.011692273,-0.079246392,-0.085259477,0,0.9,0.4312,0.45,0.0002,0.4
jpn,slv,1.8,-0.740828694,2.47697429,0.780202334,0.809176243,1.076654394,-0.608810779,-0.936329027,-0.596648028,-0.421702193,-4.497438242,-0.814898508,-1.862817564,-0.876571206,-0.864420125,-0.967503658,0.5,1,0.5062,0.75,0.6162,0.6
kor,slv,1.5,-1.506533359,-1.167683426,0.301703624,1.253875599,1.783722389,-3.542083567,-4.428045842,-1.089569555,-0.510081705,-1.014322673,-0.505097693,-1.583619352,-1.47018757,-1.445648355,-1.55043064,0.4,1,0.55,0.66,0.641,0.6
mkd,slv,7.1,-1.01259919,0.41126454,1.055221748,0.750962808,1.028929626,-0.825193485,-0.317348357,-0.607862536,-0.372798079,0.386343761,0.157217562,-0.774834456,-0.921523685,-0.837062886,-0.916212348,0,0.4286,0.3753,0.52,0.0002,0.4
ron,slv,5,-0.752817922,0.112758598,0.658997715,0.689708342,0.736419126,-0.656011801,-0.355442369,-0.316133887,-0.326641917,0.609267518,0.151265306,-0.488742618,-0.619252618,-0.612997554,-0.672389297,0,0.8889,0.3931,0.45,0.641,0.5
rus,slv,5.4,-0.203389255,0.663081039,0.226768698,0.538459947,0.294999267,0.109058672,-0.218453201,0.088378588,-0.228914284,-0.542601011,-0.318204357,-0.323776223,-0.239840045,-0.262925154,-0.296631976,0.2,0.4,0.4254,0.45,0.6162,0.5
slk,slv,5,-1.120621996,1.069476559,1.172683244,0.949840631,1.247657004,-0.672722133,-0.430540714,-0.759147849,-0.438630625,-0.348190382,-0.29147852,-1.067807626,-1.045766473,-1.05250511,-1.107246211,0,0.5,0.669,0.64,0.0002,0.7
srp,slv,9.5,-0.816714991,0.976474188,0.747117187,0.768189051,0.767270447,-0.22353037,-0.369188588,-0.351238293,-0.365550563,-0.05290535,0.100770201,-0.723768715,-0.692658607,-0.682191091,-0.707575651,0,0.1667,0.669,0.54,0.8278,0.7
swe,slv,4.7,-0.726238305,0.558102981,0.838965829,0.853722539,0.692699873,-0.594740986,-0.387348844,-0.166264044,-0.3130424,-0.306387442,0.062427276,-0.713899732,-0.770237308,-0.613982978,-0.634082768,0.1,0.8333,0.5107,0.56,0.0002,0.5
tur,slv,2.3,-1.023043235,1.010802976,1.29025754,0.995989052,1.1258549,-0.663665256,-0.288129168,-0.529736254,-0.346768965,-0.510792125,-0.160786312,-1.027130794,-1.098985185,-0.932317411,-0.985508507,0.1,1,0.4627,0.69,0.5922,0.6
vie,slv,4.6,-0.787305782,-1.447940095,0.425714534,0.713061442,0.626583145,-1.654367394,-0.216360859,-0.220164016,-0.292375017,1.77190385,0.43846998,-0.20349525,-0.396351047,-0.565123313,-0.576123672,0.4,1,0.5303,0.62,0.5456,0.6
ara,spa,13.2,0.74297245,-0.238893575,-0.97226164,-1.289073107,-0.872527087,0.974522624,0.138835397,0.307910673,0.472380181,0.453968444,1.174223101,0.76844654,0.806350897,0.963662219,0.820412264,1,1,0.6832,0.56,0.5922,0.6
bul,spa,16.3,0.321526297,-0.160223271,-0.410436872,-0.896512122,-0.34000919,0.389503449,0.039444583,-0.138718304,0.031613652,0.244575928,0.604644222,0.345595759,0.335066411,0.443181169,0.277284865,0.1,0.8571,0.5933,0.41,0.3613,0.5
ces,spa,12.6,0.789570457,0.048739962,-0.859069805,-1.018995348,-0.809117603,1.038954533,0.156641035,0.362868912,0.238918757,-0.172768745,0.563470954,0.639007128,0.721925314,0.838624481,0.705391248,0.1,0.9231,0.5431,0.62,0.5922,0.6
dan,spa,16.7,0.485323324,-0.205337846,-0.432013196,-0.955997227,-0.489605629,0.513388819,0.129902415,0.057704496,0.221480398,0.112408829,0.676243049,0.452043146,0.377270505,0.604879554,0.448235701,0.1,0.9231,0.6832,0.59,0.5922,0.7
deu,spa,17.4,1.78503963,-0.666475449,-1.67963115,-1.4662891,-1.70980183,1.910803612,1.208848451,1.360501537,1.134768797,0.272396421,0.721001744,1.624393932,1.662604354,1.746105348,1.665848056,0.1,0.8571,0.6393,0.5,0.4788,0.6
ell,spa,18.8,0.523591106,-0.454626187,-0.896490885,-1.071249384,-0.665345532,0.596889855,-0.031113951,0.101672028,0.059023433,0.734029747,0.910515511,0.653812684,0.699237556,0.701613388,0.541813721,0.1,0.8333,0.4388,0.41,0.2871,0.4
eng,spa,35.8,4.271584177,-3.085318378,-3.013814842,-3.21110951,-3.22192517,3.51641488,6.456333602,3.567396321,6.189871552,1.413069711,1.812983952,4.093538327,4.176047985,4.202164035,4.266242728,0.1,0.9,0.5481,0.4,0.3433,0.5
fra,spa,26.4,2.703960756,-2.323432113,-2.440881397,-2.2262893,-2.397834247,2.173918388,3.175918028,2.243227116,3.031147444,1.582710616,1.536391109,2.77784087,2.810979182,2.765371818,2.736732309,0,0.4375,0.5804,0.41,0.4788,0.5
